piece_id,dataset,composer,title,xml_score,midi_performance,audio_performance,match,difficulty,estimated_bpm
chorale/Anonymous_AusMeinesHerzensGrunde_01_as,chorale,,Anonymous_AusMeinesHerzensGrunde-01,score/Anonymous_AusMeinesHerzensGrunde-01.musicxml,,audio/Anonymous_AusMeinesHerzensGrunde_01_as.mp3,annotations/1.tsv,,100
chorale/Anonymous_AusMeinesHerzensGrunde_01_bar,chorale,,Anonymous_AusMeinesHerzensGrunde-01,score/Anonymous_AusMeinesHerzensGrunde-01_8vb.musicxml,,audio/Anonymous_AusMeinesHerzensGrunde_01_bar.mp3,annotations/2.tsv,,100
chorale/Anonymous_AusMeinesHerzensGrunde_01_cl,chorale,,Anonymous_AusMeinesHerzensGrunde-01,score/Anonymous_AusMeinesHerzensGrunde-01.musicxml,,audio/Anonymous_AusMeinesHerzensGrunde_01_cl.mp3,annotations/3.tsv,,100
chorale/Anonymous_AusMeinesHerzensGrunde_01_fh,chorale,,Anonymous_AusMeinesHerzensGrunde-01,score/Anonymous_AusMeinesHerzensGrunde-01.musicxml,,audio/Anonymous_AusMeinesHerzensGrunde_01_fh.mp3,annotations/4.tsv,,100
chorale/Anonymous_AusMeinesHerzensGrunde_01_ob,chorale,,Anonymous_AusMeinesHerzensGrunde-01,score/Anonymous_AusMeinesHerzensGrunde-01.musicxml,,audio/Anonymous_AusMeinesHerzensGrunde_01_ob.mp3,annotations/5.tsv,,100
chorale/Anonymous_AusMeinesHerzensGrunde_01_tp,chorale,,Anonymous_AusMeinesHerzensGrunde-01,score/Anonymous_AusMeinesHerzensGrunde-01.musicxml,,audio/Anonymous_AusMeinesHerzensGrunde_01_tp.mp3,annotations/6.tsv,,100
chorale/Anonymous_AusMeinesHerzensGrunde_02_as,chorale,,Anonymous_AusMeinesHerzensGrunde-02,score/Anonymous_AusMeinesHerzensGrunde-02.musicxml,,audio/Anonymous_AusMeinesHerzensGrunde_02_as.mp3,annotations/7.tsv,,100
chorale/Anonymous_AusMeinesHerzensGrunde_02_cl,chorale,,Anonymous_AusMeinesHerzensGrunde-02,score/Anonymous_AusMeinesHerzensGrunde-02.musicxml,,audio/Anonymous_AusMeinesHerzensGrunde_02_cl.mp3,annotations/8.tsv,,100
chorale/Anonymous_AusMeinesHerzensGrunde_02_eh,chorale,,Anonymous_AusMeinesHerzensGrunde-02,score/Anonymous_AusMeinesHerzensGrunde-02.musicxml,,audio/Anonymous_AusMeinesHerzensGrunde_02_eh.mp3,annotations/9.tsv,,100
chorale/Anonymous_AusMeinesHerzensGrunde_02_fh,chorale,,Anonymous_AusMeinesHerzensGrunde-02,score/Anonymous_AusMeinesHerzensGrunde-02.musicxml,,audio/Anonymous_AusMeinesHerzensGrunde_02_fh.mp3,annotations/10.tsv,,100
chorale/Anonymous_AusMeinesHerzensGrunde_02_tp,chorale,,Anonymous_AusMeinesHerzensGrunde-02,score/Anonymous_AusMeinesHerzensGrunde-02.musicxml,,audio/Anonymous_AusMeinesHerzensGrunde_02_tp.mp3,annotations/11.tsv,,100
chorale/Anonymous_AusMeinesHerzensGrunde_03_bar,chorale,,Anonymous_AusMeinesHerzensGrunde-03,score/Anonymous_AusMeinesHerzensGrunde-03.musicxml,,audio/Anonymous_AusMeinesHerzensGrunde_03_bar.mp3,annotations/12.tsv,,100
chorale/Anonymous_AusMeinesHerzensGrunde_03_bs,chorale,,Anonymous_AusMeinesHerzensGrunde-03,score/Anonymous_AusMeinesHerzensGrunde-03.musicxml,,audio/Anonymous_AusMeinesHerzensGrunde_03_bs.mp3,annotations/13.tsv,,100
chorale/Anonymous_AusMeinesHerzensGrunde_04_bar,chorale,,Anonymous_AusMeinesHerzensGrunde-04,score/Anonymous_AusMeinesHerzensGrunde-04.musicxml,,audio/Anonymous_AusMeinesHerzensGrunde_04_bar.mp3,annotations/14.tsv,,100
chorale/Anonymous_AusMeinesHerzensGrunde_04_bcl,chorale,,Anonymous_AusMeinesHerzensGrunde-04,score/Anonymous_AusMeinesHerzensGrunde-04.musicxml,,audio/Anonymous_AusMeinesHerzensGrunde_04_bcl.mp3,annotations/15.tsv,,100
chorale/Anonymous_AusMeinesHerzensGrunde_04_bs,chorale,,Anonymous_AusMeinesHerzensGrunde-04,score/Anonymous_AusMeinesHerzensGrunde-04.musicxml,,audio/Anonymous_AusMeinesHerzensGrunde_04_bs.mp3,annotations/16.tsv,,100
chorale/Anonymous_AusMeinesHerzensGrunde_04_tba,chorale,,Anonymous_AusMeinesHerzensGrunde-04,score/Anonymous_AusMeinesHerzensGrunde-04_8vb.musicxml,,audio/Anonymous_AusMeinesHerzensGrunde_04_tba.mp3,annotations/17.tsv,,100
chorale/Bach_IchStehAnDeinerKrippe_01_as,chorale,,Bach_IchStehAnDeinerKrippe-01,score/Bach_IchStehAnDeinerKrippe-01.musicxml,,audio/Bach_IchStehAnDeinerKrippe_01_as.mp3,annotations/18.tsv,,75
chorale/Bach_IchStehAnDeinerKrippe_01_cl,chorale,,Bach_IchStehAnDeinerKrippe-01,score/Bach_IchStehAnDeinerKrippe-01.musicxml,,audio/Bach_IchStehAnDeinerKrippe_01_cl.mp3,annotations/19.tsv,,75
chorale/Bach_IchStehAnDeinerKrippe_01_fh,chorale,,Bach_IchStehAnDeinerKrippe-01,score/Bach_IchStehAnDeinerKrippe-01.musicxml,,audio/Bach_IchStehAnDeinerKrippe_01_fh.mp3,annotations/20.tsv,,75
chorale/Bach_IchStehAnDeinerKrippe_01_fl,chorale,,Bach_IchStehAnDeinerKrippe-01,score/Bach_IchStehAnDeinerKrippe-01_8va.musicxml,,audio/Bach_IchStehAnDeinerKrippe_01_fl.mp3,annotations/21.tsv,,75
chorale/Bach_IchStehAnDeinerKrippe_01_ob,chorale,,Bach_IchStehAnDeinerKrippe-01,score/Bach_IchStehAnDeinerKrippe-01.musicxml,,audio/Bach_IchStehAnDeinerKrippe_01_ob.mp3,annotations/22.tsv,,75
chorale/Bach_IchStehAnDeinerKrippe_01_tp,chorale,,Bach_IchStehAnDeinerKrippe-01,score/Bach_IchStehAnDeinerKrippe-01.musicxml,,audio/Bach_IchStehAnDeinerKrippe_01_tp.mp3,annotations/23.tsv,,75
chorale/Bach_IchStehAnDeinerKrippe_02_as,chorale,,Bach_IchStehAnDeinerKrippe-02,score/Bach_IchStehAnDeinerKrippe-02.musicxml,,audio/Bach_IchStehAnDeinerKrippe_02_as.mp3,annotations/24.tsv,,75
chorale/Bach_IchStehAnDeinerKrippe_02_cl,chorale,,Bach_IchStehAnDeinerKrippe-02,score/Bach_IchStehAnDeinerKrippe-02.musicxml,,audio/Bach_IchStehAnDeinerKrippe_02_cl.mp3,annotations/25.tsv,,75
chorale/Bach_IchStehAnDeinerKrippe_02_eh,chorale,,Bach_IchStehAnDeinerKrippe-02,score/Bach_IchStehAnDeinerKrippe-02.musicxml,,audio/Bach_IchStehAnDeinerKrippe_02_eh.mp3,annotations/26.tsv,,75
chorale/Bach_IchStehAnDeinerKrippe_02_fh,chorale,,Bach_IchStehAnDeinerKrippe-02,score/Bach_IchStehAnDeinerKrippe-02.musicxml,,audio/Bach_IchStehAnDeinerKrippe_02_fh.mp3,annotations/27.tsv,,75
chorale/Bach_IchStehAnDeinerKrippe_02_fho,chorale,,Bach_IchStehAnDeinerKrippe-02,score/Bach_IchStehAnDeinerKrippe-02.musicxml,,audio/Bach_IchStehAnDeinerKrippe_02_fho.mp3,annotations/28.tsv,,75
chorale/Bach_IchStehAnDeinerKrippe_02_tp,chorale,,Bach_IchStehAnDeinerKrippe-02,score/Bach_IchStehAnDeinerKrippe-02.musicxml,,audio/Bach_IchStehAnDeinerKrippe_02_tp.mp3,annotations/29.tsv,,75
chorale/Bach_IchStehAnDeinerKrippe_03_bar,chorale,,Bach_IchStehAnDeinerKrippe-03,score/Bach_IchStehAnDeinerKrippe-03.musicxml,,audio/Bach_IchStehAnDeinerKrippe_03_bar.mp3,annotations/30.tsv,,75
chorale/Bach_IchStehAnDeinerKrippe_03_bs,chorale,,Bach_IchStehAnDeinerKrippe-03,score/Bach_IchStehAnDeinerKrippe-03.musicxml,,audio/Bach_IchStehAnDeinerKrippe_03_bs.mp3,annotations/31.tsv,,75
chorale/Bach_IchStehAnDeinerKrippe_03_fho,chorale,,Bach_IchStehAnDeinerKrippe-03,score/Bach_IchStehAnDeinerKrippe-03.musicxml,,audio/Bach_IchStehAnDeinerKrippe_03_fho.mp3,annotations/32.tsv,,75
chorale/Bach_IchStehAnDeinerKrippe_04_bar,chorale,,Bach_IchStehAnDeinerKrippe-04,score/Bach_IchStehAnDeinerKrippe-04.musicxml,,audio/Bach_IchStehAnDeinerKrippe_04_bar.mp3,annotations/33.tsv,,75
chorale/Bach_IchStehAnDeinerKrippe_04_bcl,chorale,,Bach_IchStehAnDeinerKrippe-04,score/Bach_IchStehAnDeinerKrippe-04.musicxml,,audio/Bach_IchStehAnDeinerKrippe_04_bcl.mp3,annotations/34.tsv,,75
chorale/Bach_IchStehAnDeinerKrippe_04_bs,chorale,,Bach_IchStehAnDeinerKrippe-04,score/Bach_IchStehAnDeinerKrippe-04.musicxml,,audio/Bach_IchStehAnDeinerKrippe_04_bs.mp3,annotations/35.tsv,,75
chorale/Bach_IchStehAnDeinerKrippe_04_tb,chorale,,Bach_IchStehAnDeinerKrippe-04,score/Bach_IchStehAnDeinerKrippe-04.musicxml,,audio/Bach_IchStehAnDeinerKrippe_04_tb.mp3,annotations/36.tsv,,75
chorale/Bach_IchStehAnDeinerKrippe_04_tba,chorale,,Bach_IchStehAnDeinerKrippe-04,score/Bach_IchStehAnDeinerKrippe-04_8vb.musicxml,,audio/Bach_IchStehAnDeinerKrippe_04_tba.mp3,annotations/37.tsv,,75
chorale/Crueger_AufAufMeinHerzMitFreuden_01_as,chorale,,Crueger_AufAufMeinHerzMitFreuden-01,score/Crueger_AufAufMeinHerzMitFreuden-01.musicxml,,audio/Crueger_AufAufMeinHerzMitFreuden_01_as.mp3,annotations/38.tsv,,96
chorale/Crueger_AufAufMeinHerzMitFreuden_01_cl,chorale,,Crueger_AufAufMeinHerzMitFreuden-01,score/Crueger_AufAufMeinHerzMitFreuden-01.musicxml,,audio/Crueger_AufAufMeinHerzMitFreuden_01_cl.mp3,annotations/39.tsv,,96
chorale/Crueger_AufAufMeinHerzMitFreuden_01_fh,chorale,,Crueger_AufAufMeinHerzMitFreuden-01,score/Crueger_AufAufMeinHerzMitFreuden-01.musicxml,,audio/Crueger_AufAufMeinHerzMitFreuden_01_fh.mp3,annotations/40.tsv,,96
chorale/Crueger_AufAufMeinHerzMitFreuden_01_fl,chorale,,Crueger_AufAufMeinHerzMitFreuden-01,score/Crueger_AufAufMeinHerzMitFreuden-01_8va.musicxml,,audio/Crueger_AufAufMeinHerzMitFreuden_01_fl.mp3,annotations/41.tsv,,96
chorale/Crueger_AufAufMeinHerzMitFreuden_01_ob,chorale,,Crueger_AufAufMeinHerzMitFreuden-01,score/Crueger_AufAufMeinHerzMitFreuden-01.musicxml,,audio/Crueger_AufAufMeinHerzMitFreuden_01_ob.mp3,annotations/42.tsv,,96
chorale/Crueger_AufAufMeinHerzMitFreuden_01_tp,chorale,,Crueger_AufAufMeinHerzMitFreuden-01,score/Crueger_AufAufMeinHerzMitFreuden-01.musicxml,,audio/Crueger_AufAufMeinHerzMitFreuden_01_tp.mp3,annotations/43.tsv,,96
chorale/Crueger_AufAufMeinHerzMitFreuden_02_as,chorale,,Crueger_AufAufMeinHerzMitFreuden-02,score/Crueger_AufAufMeinHerzMitFreuden-02.musicxml,,audio/Crueger_AufAufMeinHerzMitFreuden_02_as.mp3,annotations/44.tsv,,96
chorale/Crueger_AufAufMeinHerzMitFreuden_02_cl,chorale,,Crueger_AufAufMeinHerzMitFreuden-02,score/Crueger_AufAufMeinHerzMitFreuden-02.musicxml,,audio/Crueger_AufAufMeinHerzMitFreuden_02_cl.mp3,annotations/45.tsv,,96
chorale/Crueger_AufAufMeinHerzMitFreuden_02_eh,chorale,,Crueger_AufAufMeinHerzMitFreuden-02,score/Crueger_AufAufMeinHerzMitFreuden-02.musicxml,,audio/Crueger_AufAufMeinHerzMitFreuden_02_eh.mp3,annotations/46.tsv,,96
chorale/Crueger_AufAufMeinHerzMitFreuden_02_fh,chorale,,Crueger_AufAufMeinHerzMitFreuden-02,score/Crueger_AufAufMeinHerzMitFreuden-02.musicxml,,audio/Crueger_AufAufMeinHerzMitFreuden_02_fh.mp3,annotations/47.tsv,,96
chorale/Crueger_AufAufMeinHerzMitFreuden_02_tp,chorale,,Crueger_AufAufMeinHerzMitFreuden-02,score/Crueger_AufAufMeinHerzMitFreuden-02.musicxml,,audio/Crueger_AufAufMeinHerzMitFreuden_02_tp.mp3,annotations/48.tsv,,96
chorale/Crueger_AufAufMeinHerzMitFreuden_03_bar,chorale,,Crueger_AufAufMeinHerzMitFreuden-03,score/Crueger_AufAufMeinHerzMitFreuden-03.musicxml,,audio/Crueger_AufAufMeinHerzMitFreuden_03_bar.mp3,annotations/49.tsv,,96
chorale/Crueger_AufAufMeinHerzMitFreuden_03_bcl,chorale,,Crueger_AufAufMeinHerzMitFreuden-03,score/Crueger_AufAufMeinHerzMitFreuden-03.musicxml,,audio/Crueger_AufAufMeinHerzMitFreuden_03_bcl.mp3,annotations/50.tsv,,96
chorale/Crueger_AufAufMeinHerzMitFreuden_03_bs,chorale,,Crueger_AufAufMeinHerzMitFreuden-03,score/Crueger_AufAufMeinHerzMitFreuden-03.musicxml,,audio/Crueger_AufAufMeinHerzMitFreuden_03_bs.mp3,annotations/51.tsv,,96
chorale/Crueger_AufAufMeinHerzMitFreuden_03_fho,chorale,,Crueger_AufAufMeinHerzMitFreuden-03,score/Crueger_AufAufMeinHerzMitFreuden-03.musicxml,,audio/Crueger_AufAufMeinHerzMitFreuden_03_fho.mp3,annotations/52.tsv,,96
chorale/Crueger_AufAufMeinHerzMitFreuden_03_tb,chorale,,Crueger_AufAufMeinHerzMitFreuden-03,score/Crueger_AufAufMeinHerzMitFreuden-03.musicxml,,audio/Crueger_AufAufMeinHerzMitFreuden_03_tb.mp3,annotations/53.tsv,,96
chorale/Crueger_AufAufMeinHerzMitFreuden_04_bar,chorale,,Crueger_AufAufMeinHerzMitFreuden-04,score/Crueger_AufAufMeinHerzMitFreuden-04.musicxml,,audio/Crueger_AufAufMeinHerzMitFreuden_04_bar.mp3,annotations/54.tsv,,96
chorale/Crueger_AufAufMeinHerzMitFreuden_04_bcl,chorale,,Crueger_AufAufMeinHerzMitFreuden-04,score/Crueger_AufAufMeinHerzMitFreuden-04.musicxml,,audio/Crueger_AufAufMeinHerzMitFreuden_04_bcl.mp3,annotations/55.tsv,,96
chorale/Crueger_AufAufMeinHerzMitFreuden_04_bs,chorale,,Crueger_AufAufMeinHerzMitFreuden-04,score/Crueger_AufAufMeinHerzMitFreuden-04.musicxml,,audio/Crueger_AufAufMeinHerzMitFreuden_04_bs.mp3,annotations/56.tsv,,96
chorale/Crueger_AufAufMeinHerzMitFreuden_04_tb,chorale,,Crueger_AufAufMeinHerzMitFreuden-04,score/Crueger_AufAufMeinHerzMitFreuden-04.musicxml,,audio/Crueger_AufAufMeinHerzMitFreuden_04_tb.mp3,annotations/57.tsv,,96
chorale/Crueger_AufAufMeinHerzMitFreuden_04_tba,chorale,,Crueger_AufAufMeinHerzMitFreuden-04,score/Crueger_AufAufMeinHerzMitFreuden-04_8vb.musicxml,,audio/Crueger_AufAufMeinHerzMitFreuden_04_tba.mp3,annotations/58.tsv,,96
chorale/Drese_JesuGehVoran_01_as,chorale,,Drese_JesuGehVoran-01,score/Drese_JesuGehVoran-01.musicxml,,audio/Drese_JesuGehVoran_01_as.mp3,annotations/59.tsv,,65
chorale/Drese_JesuGehVoran_01_cl,chorale,,Drese_JesuGehVoran-01,score/Drese_JesuGehVoran-01.musicxml,,audio/Drese_JesuGehVoran_01_cl.mp3,annotations/60.tsv,,65
chorale/Drese_JesuGehVoran_01_fh,chorale,,Drese_JesuGehVoran-01,score/Drese_JesuGehVoran-01.musicxml,,audio/Drese_JesuGehVoran_01_fh.mp3,annotations/61.tsv,,65
chorale/Drese_JesuGehVoran_01_fl,chorale,,Drese_JesuGehVoran-01,score/Drese_JesuGehVoran-01_8va.musicxml,,audio/Drese_JesuGehVoran_01_fl.mp3,annotations/62.tsv,,65
chorale/Drese_JesuGehVoran_01_ob,chorale,,Drese_JesuGehVoran-01,score/Drese_JesuGehVoran-01.musicxml,,audio/Drese_JesuGehVoran_01_ob.mp3,annotations/63.tsv,,65
chorale/Drese_JesuGehVoran_01_tp,chorale,,Drese_JesuGehVoran-01,score/Drese_JesuGehVoran-01.musicxml,,audio/Drese_JesuGehVoran_01_tp.mp3,annotations/64.tsv,,65
chorale/Drese_JesuGehVoran_02_as,chorale,,Drese_JesuGehVoran-02,score/Drese_JesuGehVoran-02.musicxml,,audio/Drese_JesuGehVoran_02_as.mp3,annotations/65.tsv,,65
chorale/Drese_JesuGehVoran_02_cl,chorale,,Drese_JesuGehVoran-02,score/Drese_JesuGehVoran-02.musicxml,,audio/Drese_JesuGehVoran_02_cl.mp3,annotations/66.tsv,,65
chorale/Drese_JesuGehVoran_02_eh,chorale,,Drese_JesuGehVoran-02,score/Drese_JesuGehVoran-02.musicxml,,audio/Drese_JesuGehVoran_02_eh.mp3,annotations/67.tsv,,65
chorale/Drese_JesuGehVoran_02_fh,chorale,,Drese_JesuGehVoran-02,score/Drese_JesuGehVoran-02.musicxml,,audio/Drese_JesuGehVoran_02_fh.mp3,annotations/68.tsv,,65
chorale/Drese_JesuGehVoran_02_tp,chorale,,Drese_JesuGehVoran-02,score/Drese_JesuGehVoran-02.musicxml,,audio/Drese_JesuGehVoran_02_tp.mp3,annotations/69.tsv,,65
chorale/Drese_JesuGehVoran_03_bar,chorale,,Drese_JesuGehVoran-03,score/Drese_JesuGehVoran-03.musicxml,,audio/Drese_JesuGehVoran_03_bar.mp3,annotations/70.tsv,,65
chorale/Drese_JesuGehVoran_03_bs,chorale,,Drese_JesuGehVoran-03,score/Drese_JesuGehVoran-03.musicxml,,audio/Drese_JesuGehVoran_03_bs.mp3,annotations/71.tsv,,65
chorale/Drese_JesuGehVoran_03_fho,chorale,,Drese_JesuGehVoran-03,score/Drese_JesuGehVoran-03.musicxml,,audio/Drese_JesuGehVoran_03_fho.mp3,annotations/72.tsv,,65
chorale/Drese_JesuGehVoran_04_bar,chorale,,Drese_JesuGehVoran-04,score/Drese_JesuGehVoran-04.musicxml,,audio/Drese_JesuGehVoran_04_bar.mp3,annotations/73.tsv,,65
chorale/Drese_JesuGehVoran_04_bcl,chorale,,Drese_JesuGehVoran-04,score/Drese_JesuGehVoran-04.musicxml,,audio/Drese_JesuGehVoran_04_bcl.mp3,annotations/74.tsv,,65
chorale/Drese_JesuGehVoran_04_bs,chorale,,Drese_JesuGehVoran-04,score/Drese_JesuGehVoran-04.musicxml,,audio/Drese_JesuGehVoran_04_bs.mp3,annotations/75.tsv,,65
chorale/Drese_JesuGehVoran_04_tb,chorale,,Drese_JesuGehVoran-04,score/Drese_JesuGehVoran-04.musicxml,,audio/Drese_JesuGehVoran_04_tb.mp3,annotations/76.tsv,,65
chorale/Drese_JesuGehVoran_04_tba,chorale,,Drese_JesuGehVoran-04,score/Drese_JesuGehVoran-04_8vb.musicxml,,audio/Drese_JesuGehVoran_04_tba.mp3,annotations/77.tsv,,65
chorale/Gesius_BefiehlDuDeineWege_01_as,chorale,,Gesius_BefiehlDuDeineWege-01,score/Gesius_BefiehlDuDeineWege-01.musicxml,,audio/Gesius_BefiehlDuDeineWege_01_as.mp3,annotations/78.tsv,,84
chorale/Gesius_BefiehlDuDeineWege_01_cl,chorale,,Gesius_BefiehlDuDeineWege-01,score/Gesius_BefiehlDuDeineWege-01.musicxml,,audio/Gesius_BefiehlDuDeineWege_01_cl.mp3,annotations/79.tsv,,84
chorale/Gesius_BefiehlDuDeineWege_01_fh,chorale,,Gesius_BefiehlDuDeineWege-01,score/Gesius_BefiehlDuDeineWege-01.musicxml,,audio/Gesius_BefiehlDuDeineWege_01_fh.mp3,annotations/80.tsv,,84
chorale/Gesius_BefiehlDuDeineWege_01_fl,chorale,,Gesius_BefiehlDuDeineWege-01,score/Gesius_BefiehlDuDeineWege-01_8va.musicxml,,audio/Gesius_BefiehlDuDeineWege_01_fl.mp3,annotations/81.tsv,,84
chorale/Gesius_BefiehlDuDeineWege_01_ob,chorale,,Gesius_BefiehlDuDeineWege-01,score/Gesius_BefiehlDuDeineWege-01.musicxml,,audio/Gesius_BefiehlDuDeineWege_01_ob.mp3,annotations/82.tsv,,84
chorale/Gesius_BefiehlDuDeineWege_01_tp,chorale,,Gesius_BefiehlDuDeineWege-01,score/Gesius_BefiehlDuDeineWege-01.musicxml,,audio/Gesius_BefiehlDuDeineWege_01_tp.mp3,annotations/83.tsv,,84
chorale/Gesius_BefiehlDuDeineWege_02_as,chorale,,Gesius_BefiehlDuDeineWege-02,score/Gesius_BefiehlDuDeineWege-02.musicxml,,audio/Gesius_BefiehlDuDeineWege_02_as.mp3,annotations/84.tsv,,84
chorale/Gesius_BefiehlDuDeineWege_02_cl,chorale,,Gesius_BefiehlDuDeineWege-02,score/Gesius_BefiehlDuDeineWege-02.musicxml,,audio/Gesius_BefiehlDuDeineWege_02_cl.mp3,annotations/85.tsv,,84
chorale/Gesius_BefiehlDuDeineWege_02_eh,chorale,,Gesius_BefiehlDuDeineWege-02,score/Gesius_BefiehlDuDeineWege-02.musicxml,,audio/Gesius_BefiehlDuDeineWege_02_eh.mp3,annotations/86.tsv,,84
chorale/Gesius_BefiehlDuDeineWege_02_fh,chorale,,Gesius_BefiehlDuDeineWege-02,score/Gesius_BefiehlDuDeineWege-02.musicxml,,audio/Gesius_BefiehlDuDeineWege_02_fh.mp3,annotations/87.tsv,,84
chorale/Gesius_BefiehlDuDeineWege_02_fho,chorale,,Gesius_BefiehlDuDeineWege-02,score/Gesius_BefiehlDuDeineWege-02.musicxml,,audio/Gesius_BefiehlDuDeineWege_02_fho.mp3,annotations/88.tsv,,84
chorale/Gesius_BefiehlDuDeineWege_02_tp,chorale,,Gesius_BefiehlDuDeineWege-02,score/Gesius_BefiehlDuDeineWege-02.musicxml,,audio/Gesius_BefiehlDuDeineWege_02_tp.mp3,annotations/89.tsv,,84
chorale/Gesius_BefiehlDuDeineWege_03_bar,chorale,,Gesius_BefiehlDuDeineWege-03,score/Gesius_BefiehlDuDeineWege-03.musicxml,,audio/Gesius_BefiehlDuDeineWege_03_bar.mp3,annotations/90.tsv,,84
chorale/Gesius_BefiehlDuDeineWege_03_bs,chorale,,Gesius_BefiehlDuDeineWege-03,score/Gesius_BefiehlDuDeineWege-03.musicxml,,audio/Gesius_BefiehlDuDeineWege_03_bs.mp3,annotations/91.tsv,,84
chorale/Gesius_BefiehlDuDeineWege_03_fho,chorale,,Gesius_BefiehlDuDeineWege-03,score/Gesius_BefiehlDuDeineWege-03.musicxml,,audio/Gesius_BefiehlDuDeineWege_03_fho.mp3,annotations/92.tsv,,84
chorale/Gesius_BefiehlDuDeineWege_03_tb,chorale,,Gesius_BefiehlDuDeineWege-03,score/Gesius_BefiehlDuDeineWege-03.musicxml,,audio/Gesius_BefiehlDuDeineWege_03_tb.mp3,annotations/93.tsv,,84
chorale/Gesius_BefiehlDuDeineWege_04_bar,chorale,,Gesius_BefiehlDuDeineWege-04,score/Gesius_BefiehlDuDeineWege-04.musicxml,,audio/Gesius_BefiehlDuDeineWege_04_bar.mp3,annotations/94.tsv,,84
chorale/Gesius_BefiehlDuDeineWege_04_bcl,chorale,,Gesius_BefiehlDuDeineWege-04,score/Gesius_BefiehlDuDeineWege-04.musicxml,,audio/Gesius_BefiehlDuDeineWege_04_bcl.mp3,annotations/95.tsv,,84
chorale/Gesius_BefiehlDuDeineWege_04_bs,chorale,,Gesius_BefiehlDuDeineWege-04,score/Gesius_BefiehlDuDeineWege-04.musicxml,,audio/Gesius_BefiehlDuDeineWege_04_bs.mp3,annotations/96.tsv,,84
chorale/Gesius_BefiehlDuDeineWege_04_tb,chorale,,Gesius_BefiehlDuDeineWege-04,score/Gesius_BefiehlDuDeineWege-04.musicxml,,audio/Gesius_BefiehlDuDeineWege_04_tb.mp3,annotations/97.tsv,,84
chorale/Gesius_BefiehlDuDeineWege_04_tba,chorale,,Gesius_BefiehlDuDeineWege-04,score/Gesius_BefiehlDuDeineWege-04_8vb.musicxml,,audio/Gesius_BefiehlDuDeineWege_04_tba.mp3,annotations/98.tsv,,84
chorale/Gesius_DuFriedensfuerstHerrJesuChrist_01_as,chorale,,Gesius_DuFriedensfuerstHerrJesuChrist-01,score/Gesius_DuFriedensfuerstHerrJesuChrist-01.musicxml,,audio/Gesius_DuFriedensfuerstHerrJesuChrist_01_as.mp3,annotations/99.tsv,,102
chorale/Gesius_DuFriedensfuerstHerrJesuChrist_01_cl,chorale,,Gesius_DuFriedensfuerstHerrJesuChrist-01,score/Gesius_DuFriedensfuerstHerrJesuChrist-01.musicxml,,audio/Gesius_DuFriedensfuerstHerrJesuChrist_01_cl.mp3,annotations/100.tsv,,102
chorale/Gesius_DuFriedensfuerstHerrJesuChrist_01_fh,chorale,,Gesius_DuFriedensfuerstHerrJesuChrist-01,score/Gesius_DuFriedensfuerstHerrJesuChrist-01.musicxml,,audio/Gesius_DuFriedensfuerstHerrJesuChrist_01_fh.mp3,annotations/101.tsv,,102
chorale/Gesius_DuFriedensfuerstHerrJesuChrist_01_fl,chorale,,Gesius_DuFriedensfuerstHerrJesuChrist-01,score/Gesius_DuFriedensfuerstHerrJesuChrist-01_8va.musicxml,,audio/Gesius_DuFriedensfuerstHerrJesuChrist_01_fl.mp3,annotations/102.tsv,,102
chorale/Gesius_DuFriedensfuerstHerrJesuChrist_01_ob,chorale,,Gesius_DuFriedensfuerstHerrJesuChrist-01,score/Gesius_DuFriedensfuerstHerrJesuChrist-01.musicxml,,audio/Gesius_DuFriedensfuerstHerrJesuChrist_01_ob.mp3,annotations/103.tsv,,102
chorale/Gesius_DuFriedensfuerstHerrJesuChrist_01_tp,chorale,,Gesius_DuFriedensfuerstHerrJesuChrist-01,score/Gesius_DuFriedensfuerstHerrJesuChrist-01.musicxml,,audio/Gesius_DuFriedensfuerstHerrJesuChrist_01_tp.mp3,annotations/104.tsv,,102
chorale/Gesius_DuFriedensfuerstHerrJesuChrist_02_as,chorale,,Gesius_DuFriedensfuerstHerrJesuChrist-02,score/Gesius_DuFriedensfuerstHerrJesuChrist-02.musicxml,,audio/Gesius_DuFriedensfuerstHerrJesuChrist_02_as.mp3,annotations/105.tsv,,102
chorale/Gesius_DuFriedensfuerstHerrJesuChrist_02_bar,chorale,,Gesius_DuFriedensfuerstHerrJesuChrist-02,score/Gesius_DuFriedensfuerstHerrJesuChrist-02.musicxml,,audio/Gesius_DuFriedensfuerstHerrJesuChrist_02_bar.mp3,annotations/106.tsv,,102
chorale/Gesius_DuFriedensfuerstHerrJesuChrist_02_cl,chorale,,Gesius_DuFriedensfuerstHerrJesuChrist-02,score/Gesius_DuFriedensfuerstHerrJesuChrist-02.musicxml,,audio/Gesius_DuFriedensfuerstHerrJesuChrist_02_cl.mp3,annotations/107.tsv,,102
chorale/Gesius_DuFriedensfuerstHerrJesuChrist_02_eh,chorale,,Gesius_DuFriedensfuerstHerrJesuChrist-02,score/Gesius_DuFriedensfuerstHerrJesuChrist-02.musicxml,,audio/Gesius_DuFriedensfuerstHerrJesuChrist_02_eh.mp3,annotations/108.tsv,,102
chorale/Gesius_DuFriedensfuerstHerrJesuChrist_02_fh,chorale,,Gesius_DuFriedensfuerstHerrJesuChrist-02,score/Gesius_DuFriedensfuerstHerrJesuChrist-02.musicxml,,audio/Gesius_DuFriedensfuerstHerrJesuChrist_02_fh.mp3,annotations/109.tsv,,102
chorale/Gesius_DuFriedensfuerstHerrJesuChrist_02_fho,chorale,,Gesius_DuFriedensfuerstHerrJesuChrist-02,score/Gesius_DuFriedensfuerstHerrJesuChrist-02.musicxml,,audio/Gesius_DuFriedensfuerstHerrJesuChrist_02_fho.mp3,annotations/110.tsv,,102
chorale/Gesius_DuFriedensfuerstHerrJesuChrist_02_tp,chorale,,Gesius_DuFriedensfuerstHerrJesuChrist-02,score/Gesius_DuFriedensfuerstHerrJesuChrist-02.musicxml,,audio/Gesius_DuFriedensfuerstHerrJesuChrist_02_tp.mp3,annotations/111.tsv,,102
chorale/Gesius_DuFriedensfuerstHerrJesuChrist_03_bar,chorale,,Gesius_DuFriedensfuerstHerrJesuChrist-03,score/Gesius_DuFriedensfuerstHerrJesuChrist-03.musicxml,,audio/Gesius_DuFriedensfuerstHerrJesuChrist_03_bar.mp3,annotations/112.tsv,,102
chorale/Gesius_DuFriedensfuerstHerrJesuChrist_03_bcl,chorale,,Gesius_DuFriedensfuerstHerrJesuChrist-03,score/Gesius_DuFriedensfuerstHerrJesuChrist-03.musicxml,,audio/Gesius_DuFriedensfuerstHerrJesuChrist_03_bcl.mp3,annotations/113.tsv,,102
chorale/Gesius_DuFriedensfuerstHerrJesuChrist_03_fho,chorale,,Gesius_DuFriedensfuerstHerrJesuChrist-03,score/Gesius_DuFriedensfuerstHerrJesuChrist-03.musicxml,,audio/Gesius_DuFriedensfuerstHerrJesuChrist_03_fho.mp3,annotations/114.tsv,,102
chorale/Gesius_DuFriedensfuerstHerrJesuChrist_04_bar,chorale,,Gesius_DuFriedensfuerstHerrJesuChrist-04,score/Gesius_DuFriedensfuerstHerrJesuChrist-04.musicxml,,audio/Gesius_DuFriedensfuerstHerrJesuChrist_04_bar.mp3,annotations/115.tsv,,102
chorale/Gesius_DuFriedensfuerstHerrJesuChrist_04_bcl,chorale,,Gesius_DuFriedensfuerstHerrJesuChrist-04,score/Gesius_DuFriedensfuerstHerrJesuChrist-04.musicxml,,audio/Gesius_DuFriedensfuerstHerrJesuChrist_04_bcl.mp3,annotations/116.tsv,,102
chorale/Gesius_DuFriedensfuerstHerrJesuChrist_04_bs,chorale,,Gesius_DuFriedensfuerstHerrJesuChrist-04,score/Gesius_DuFriedensfuerstHerrJesuChrist-04.musicxml,,audio/Gesius_DuFriedensfuerstHerrJesuChrist_04_bs.mp3,annotations/117.tsv,,102
chorale/Gesius_DuFriedensfuerstHerrJesuChrist_04_tba,chorale,,Gesius_DuFriedensfuerstHerrJesuChrist-04,score/Gesius_DuFriedensfuerstHerrJesuChrist-04_8vb.musicxml,,audio/Gesius_DuFriedensfuerstHerrJesuChrist_04_tba.mp3,annotations/118.tsv,,102
chorale/Jan_DuGrosserSchmerzensmann_01_as,chorale,,Jan_DuGrosserSchmerzensmann-01,score/Jan_DuGrosserSchmerzensmann-01.musicxml,,audio/Jan_DuGrosserSchmerzensmann_01_as.mp3,annotations/119.tsv,,116
chorale/Jan_DuGrosserSchmerzensmann_01_cl,chorale,,Jan_DuGrosserSchmerzensmann-01,score/Jan_DuGrosserSchmerzensmann-01.musicxml,,audio/Jan_DuGrosserSchmerzensmann_01_cl.mp3,annotations/120.tsv,,116
chorale/Jan_DuGrosserSchmerzensmann_01_fh,chorale,,Jan_DuGrosserSchmerzensmann-01,score/Jan_DuGrosserSchmerzensmann-01.musicxml,,audio/Jan_DuGrosserSchmerzensmann_01_fh.mp3,annotations/121.tsv,,116
chorale/Jan_DuGrosserSchmerzensmann_01_fl,chorale,,Jan_DuGrosserSchmerzensmann-01,score/Jan_DuGrosserSchmerzensmann-01_8va.musicxml,,audio/Jan_DuGrosserSchmerzensmann_01_fl.mp3,annotations/122.tsv,,116
chorale/Jan_DuGrosserSchmerzensmann_01_ob,chorale,,Jan_DuGrosserSchmerzensmann-01,score/Jan_DuGrosserSchmerzensmann-01.musicxml,,audio/Jan_DuGrosserSchmerzensmann_01_ob.mp3,annotations/123.tsv,,116
chorale/Jan_DuGrosserSchmerzensmann_01_tp,chorale,,Jan_DuGrosserSchmerzensmann-01,score/Jan_DuGrosserSchmerzensmann-01.musicxml,,audio/Jan_DuGrosserSchmerzensmann_01_tp.mp3,annotations/124.tsv,,116
chorale/Jan_DuGrosserSchmerzensmann_02_as,chorale,,Jan_DuGrosserSchmerzensmann-02,score/Jan_DuGrosserSchmerzensmann-02.musicxml,,audio/Jan_DuGrosserSchmerzensmann_02_as.mp3,annotations/125.tsv,,116
chorale/Jan_DuGrosserSchmerzensmann_02_cl,chorale,,Jan_DuGrosserSchmerzensmann-02,score/Jan_DuGrosserSchmerzensmann-02.musicxml,,audio/Jan_DuGrosserSchmerzensmann_02_cl.mp3,annotations/126.tsv,,116
chorale/Jan_DuGrosserSchmerzensmann_02_eh,chorale,,Jan_DuGrosserSchmerzensmann-02,score/Jan_DuGrosserSchmerzensmann-02.musicxml,,audio/Jan_DuGrosserSchmerzensmann_02_eh.mp3,annotations/127.tsv,,116
chorale/Jan_DuGrosserSchmerzensmann_02_fh,chorale,,Jan_DuGrosserSchmerzensmann-02,score/Jan_DuGrosserSchmerzensmann-02.musicxml,,audio/Jan_DuGrosserSchmerzensmann_02_fh.mp3,annotations/128.tsv,,116
chorale/Jan_DuGrosserSchmerzensmann_02_tp,chorale,,Jan_DuGrosserSchmerzensmann-02,score/Jan_DuGrosserSchmerzensmann-02.musicxml,,audio/Jan_DuGrosserSchmerzensmann_02_tp.mp3,annotations/129.tsv,,116
chorale/Jan_DuGrosserSchmerzensmann_03_bar,chorale,,Jan_DuGrosserSchmerzensmann-03,score/Jan_DuGrosserSchmerzensmann-03.musicxml,,audio/Jan_DuGrosserSchmerzensmann_03_bar.mp3,annotations/130.tsv,,116
chorale/Jan_DuGrosserSchmerzensmann_03_bs,chorale,,Jan_DuGrosserSchmerzensmann-03,score/Jan_DuGrosserSchmerzensmann-03.musicxml,,audio/Jan_DuGrosserSchmerzensmann_03_bs.mp3,annotations/131.tsv,,116
chorale/Jan_DuGrosserSchmerzensmann_04_bar,chorale,,Jan_DuGrosserSchmerzensmann-04,score/Jan_DuGrosserSchmerzensmann-04.musicxml,,audio/Jan_DuGrosserSchmerzensmann_04_bar.mp3,annotations/132.tsv,,116
chorale/Jan_DuGrosserSchmerzensmann_04_bcl,chorale,,Jan_DuGrosserSchmerzensmann-04,score/Jan_DuGrosserSchmerzensmann-04.musicxml,,audio/Jan_DuGrosserSchmerzensmann_04_bcl.mp3,annotations/133.tsv,,116
chorale/Jan_DuGrosserSchmerzensmann_04_bs,chorale,,Jan_DuGrosserSchmerzensmann-04,score/Jan_DuGrosserSchmerzensmann-04.musicxml,,audio/Jan_DuGrosserSchmerzensmann_04_bs.mp3,annotations/134.tsv,,116
chorale/Jan_DuGrosserSchmerzensmann_04_tb,chorale,,Jan_DuGrosserSchmerzensmann-04,score/Jan_DuGrosserSchmerzensmann-04.musicxml,,audio/Jan_DuGrosserSchmerzensmann_04_tb.mp3,annotations/135.tsv,,116
chorale/Jan_DuGrosserSchmerzensmann_04_tba,chorale,,Jan_DuGrosserSchmerzensmann-04,score/Jan_DuGrosserSchmerzensmann-04_8vb.musicxml,,audio/Jan_DuGrosserSchmerzensmann_04_tba.mp3,annotations/136.tsv,,116
chorale/Telemann_DerLiebenSonneLichtUndPracht_01_as,chorale,,Telemann_DerLiebenSonneLichtUndPracht-01,score/Telemann_DerLiebenSonneLichtUndPracht-01.musicxml,,audio/Telemann_DerLiebenSonneLichtUndPracht_01_as.mp3,annotations/137.tsv,,65
chorale/Telemann_DerLiebenSonneLichtUndPracht_01_cl,chorale,,Telemann_DerLiebenSonneLichtUndPracht-01,score/Telemann_DerLiebenSonneLichtUndPracht-01.musicxml,,audio/Telemann_DerLiebenSonneLichtUndPracht_01_cl.mp3,annotations/138.tsv,,65
chorale/Telemann_DerLiebenSonneLichtUndPracht_01_fh,chorale,,Telemann_DerLiebenSonneLichtUndPracht-01,score/Telemann_DerLiebenSonneLichtUndPracht-01.musicxml,,audio/Telemann_DerLiebenSonneLichtUndPracht_01_fh.mp3,annotations/139.tsv,,65
chorale/Telemann_DerLiebenSonneLichtUndPracht_01_fl,chorale,,Telemann_DerLiebenSonneLichtUndPracht-01,score/Telemann_DerLiebenSonneLichtUndPracht-01_8va.musicxml,,audio/Telemann_DerLiebenSonneLichtUndPracht_01_fl.mp3,annotations/140.tsv,,65
chorale/Telemann_DerLiebenSonneLichtUndPracht_01_ob,chorale,,Telemann_DerLiebenSonneLichtUndPracht-01,score/Telemann_DerLiebenSonneLichtUndPracht-01.musicxml,,audio/Telemann_DerLiebenSonneLichtUndPracht_01_ob.mp3,annotations/141.tsv,,65
chorale/Telemann_DerLiebenSonneLichtUndPracht_01_tp,chorale,,Telemann_DerLiebenSonneLichtUndPracht-01,score/Telemann_DerLiebenSonneLichtUndPracht-01.musicxml,,audio/Telemann_DerLiebenSonneLichtUndPracht_01_tp.mp3,annotations/142.tsv,,65
chorale/Telemann_DerLiebenSonneLichtUndPracht_02_as,chorale,,Telemann_DerLiebenSonneLichtUndPracht-02,score/Telemann_DerLiebenSonneLichtUndPracht-02.musicxml,,audio/Telemann_DerLiebenSonneLichtUndPracht_02_as.mp3,annotations/143.tsv,,65
chorale/Telemann_DerLiebenSonneLichtUndPracht_02_cl,chorale,,Telemann_DerLiebenSonneLichtUndPracht-02,score/Telemann_DerLiebenSonneLichtUndPracht-02.musicxml,,audio/Telemann_DerLiebenSonneLichtUndPracht_02_cl.mp3,annotations/144.tsv,,65
chorale/Telemann_DerLiebenSonneLichtUndPracht_02_eh,chorale,,Telemann_DerLiebenSonneLichtUndPracht-02,score/Telemann_DerLiebenSonneLichtUndPracht-02.musicxml,,audio/Telemann_DerLiebenSonneLichtUndPracht_02_eh.mp3,annotations/145.tsv,,65
chorale/Telemann_DerLiebenSonneLichtUndPracht_02_fh,chorale,,Telemann_DerLiebenSonneLichtUndPracht-02,score/Telemann_DerLiebenSonneLichtUndPracht-02.musicxml,,audio/Telemann_DerLiebenSonneLichtUndPracht_02_fh.mp3,annotations/146.tsv,,65
chorale/Telemann_DerLiebenSonneLichtUndPracht_02_fho,chorale,,Telemann_DerLiebenSonneLichtUndPracht-02,score/Telemann_DerLiebenSonneLichtUndPracht-02.musicxml,,audio/Telemann_DerLiebenSonneLichtUndPracht_02_fho.mp3,annotations/147.tsv,,65
chorale/Telemann_DerLiebenSonneLichtUndPracht_02_tp,chorale,,Telemann_DerLiebenSonneLichtUndPracht-02,score/Telemann_DerLiebenSonneLichtUndPracht-02.musicxml,,audio/Telemann_DerLiebenSonneLichtUndPracht_02_tp.mp3,annotations/148.tsv,,65
chorale/Telemann_DerLiebenSonneLichtUndPracht_03_bar,chorale,,Telemann_DerLiebenSonneLichtUndPracht-03,score/Telemann_DerLiebenSonneLichtUndPracht-03.musicxml,,audio/Telemann_DerLiebenSonneLichtUndPracht_03_bar.mp3,annotations/149.tsv,,65
chorale/Telemann_DerLiebenSonneLichtUndPracht_03_fho,chorale,,Telemann_DerLiebenSonneLichtUndPracht-03,score/Telemann_DerLiebenSonneLichtUndPracht-03.musicxml,,audio/Telemann_DerLiebenSonneLichtUndPracht_03_fho.mp3,annotations/150.tsv,,65
chorale/Telemann_DerLiebenSonneLichtUndPracht_04_bar,chorale,,Telemann_DerLiebenSonneLichtUndPracht-04,score/Telemann_DerLiebenSonneLichtUndPracht-04.musicxml,,audio/Telemann_DerLiebenSonneLichtUndPracht_04_bar.mp3,annotations/151.tsv,,65
chorale/Telemann_DerLiebenSonneLichtUndPracht_04_bcl,chorale,,Telemann_DerLiebenSonneLichtUndPracht-04,score/Telemann_DerLiebenSonneLichtUndPracht-04.musicxml,,audio/Telemann_DerLiebenSonneLichtUndPracht_04_bcl.mp3,annotations/152.tsv,,65
chorale/Telemann_DerLiebenSonneLichtUndPracht_04_bs,chorale,,Telemann_DerLiebenSonneLichtUndPracht-04,score/Telemann_DerLiebenSonneLichtUndPracht-04.musicxml,,audio/Telemann_DerLiebenSonneLichtUndPracht_04_bs.mp3,annotations/153.tsv,,65
chorale/Telemann_DerLiebenSonneLichtUndPracht_04_tba,chorale,,Telemann_DerLiebenSonneLichtUndPracht-04,score/Telemann_DerLiebenSonneLichtUndPracht-04_8vb.musicxml,,audio/Telemann_DerLiebenSonneLichtUndPracht_04_tba.mp3,annotations/154.tsv,,65
chorale/Vulpius_ChristusDerIstMeinLeben_01_as,chorale,,Vulpius_ChristusDerIstMeinLeben-01,score/Vulpius_ChristusDerIstMeinLeben-01.musicxml,,audio/Vulpius_ChristusDerIstMeinLeben_01_as.mp3,annotations/155.tsv,,72
chorale/Vulpius_ChristusDerIstMeinLeben_01_bar,chorale,,Vulpius_ChristusDerIstMeinLeben-01,score/Vulpius_ChristusDerIstMeinLeben-01_8vb.musicxml,,audio/Vulpius_ChristusDerIstMeinLeben_01_bar.mp3,annotations/156.tsv,,72
chorale/Vulpius_ChristusDerIstMeinLeben_01_cl,chorale,,Vulpius_ChristusDerIstMeinLeben-01,score/Vulpius_ChristusDerIstMeinLeben-01.musicxml,,audio/Vulpius_ChristusDerIstMeinLeben_01_cl.mp3,annotations/157.tsv,,72
chorale/Vulpius_ChristusDerIstMeinLeben_01_fh,chorale,,Vulpius_ChristusDerIstMeinLeben-01,score/Vulpius_ChristusDerIstMeinLeben-01.musicxml,,audio/Vulpius_ChristusDerIstMeinLeben_01_fh.mp3,annotations/158.tsv,,72
chorale/Vulpius_ChristusDerIstMeinLeben_01_fl,chorale,,Vulpius_ChristusDerIstMeinLeben-01,score/Vulpius_ChristusDerIstMeinLeben-01_8va.musicxml,,audio/Vulpius_ChristusDerIstMeinLeben_01_fl.mp3,annotations/159.tsv,,72
chorale/Vulpius_ChristusDerIstMeinLeben_01_ob,chorale,,Vulpius_ChristusDerIstMeinLeben-01,score/Vulpius_ChristusDerIstMeinLeben-01.musicxml,,audio/Vulpius_ChristusDerIstMeinLeben_01_ob.mp3,annotations/160.tsv,,72
chorale/Vulpius_ChristusDerIstMeinLeben_01_tp,chorale,,Vulpius_ChristusDerIstMeinLeben-01,score/Vulpius_ChristusDerIstMeinLeben-01.musicxml,,audio/Vulpius_ChristusDerIstMeinLeben_01_tp.mp3,annotations/161.tsv,,72
chorale/Vulpius_ChristusDerIstMeinLeben_02_as,chorale,,Vulpius_ChristusDerIstMeinLeben-02,score/Vulpius_ChristusDerIstMeinLeben-02.musicxml,,audio/Vulpius_ChristusDerIstMeinLeben_02_as.mp3,annotations/162.tsv,,72
chorale/Vulpius_ChristusDerIstMeinLeben_02_bar,chorale,,Vulpius_ChristusDerIstMeinLeben-02,score/Vulpius_ChristusDerIstMeinLeben-02.musicxml,,audio/Vulpius_ChristusDerIstMeinLeben_02_bar.mp3,annotations/163.tsv,,72
chorale/Vulpius_ChristusDerIstMeinLeben_02_cl,chorale,,Vulpius_ChristusDerIstMeinLeben-02,score/Vulpius_ChristusDerIstMeinLeben-02.musicxml,,audio/Vulpius_ChristusDerIstMeinLeben_02_cl.mp3,annotations/164.tsv,,72
chorale/Vulpius_ChristusDerIstMeinLeben_02_eh,chorale,,Vulpius_ChristusDerIstMeinLeben-02,score/Vulpius_ChristusDerIstMeinLeben-02.musicxml,,audio/Vulpius_ChristusDerIstMeinLeben_02_eh.mp3,annotations/165.tsv,,72
chorale/Vulpius_ChristusDerIstMeinLeben_02_fh,chorale,,Vulpius_ChristusDerIstMeinLeben-02,score/Vulpius_ChristusDerIstMeinLeben-02.musicxml,,audio/Vulpius_ChristusDerIstMeinLeben_02_fh.mp3,annotations/166.tsv,,72
chorale/Vulpius_ChristusDerIstMeinLeben_02_tp,chorale,,Vulpius_ChristusDerIstMeinLeben-02,score/Vulpius_ChristusDerIstMeinLeben-02.musicxml,,audio/Vulpius_ChristusDerIstMeinLeben_02_tp.mp3,annotations/167.tsv,,72
chorale/Vulpius_ChristusDerIstMeinLeben_03_bar,chorale,,Vulpius_ChristusDerIstMeinLeben-03,score/Vulpius_ChristusDerIstMeinLeben-03.musicxml,,audio/Vulpius_ChristusDerIstMeinLeben_03_bar.mp3,annotations/168.tsv,,72
chorale/Vulpius_ChristusDerIstMeinLeben_03_bs,chorale,,Vulpius_ChristusDerIstMeinLeben-03,score/Vulpius_ChristusDerIstMeinLeben-03.musicxml,,audio/Vulpius_ChristusDerIstMeinLeben_03_bs.mp3,annotations/169.tsv,,72
chorale/Vulpius_ChristusDerIstMeinLeben_04_bar,chorale,,Vulpius_ChristusDerIstMeinLeben-04,score/Vulpius_ChristusDerIstMeinLeben-04.musicxml,,audio/Vulpius_ChristusDerIstMeinLeben_04_bar.mp3,annotations/170.tsv,,72
chorale/Vulpius_ChristusDerIstMeinLeben_04_bcl,chorale,,Vulpius_ChristusDerIstMeinLeben-04,score/Vulpius_ChristusDerIstMeinLeben-04.musicxml,,audio/Vulpius_ChristusDerIstMeinLeben_04_bcl.mp3,annotations/171.tsv,,72
chorale/Vulpius_ChristusDerIstMeinLeben_04_bs,chorale,,Vulpius_ChristusDerIstMeinLeben-04,score/Vulpius_ChristusDerIstMeinLeben-04.musicxml,,audio/Vulpius_ChristusDerIstMeinLeben_04_bs.mp3,annotations/172.tsv,,72
chorale/Vulpius_ChristusDerIstMeinLeben_04_tb,chorale,,Vulpius_ChristusDerIstMeinLeben-04,score/Vulpius_ChristusDerIstMeinLeben-04.musicxml,,audio/Vulpius_ChristusDerIstMeinLeben_04_tb.mp3,annotations/173.tsv,,72
chorale/Vulpius_ChristusDerIstMeinLeben_04_tba,chorale,,Vulpius_ChristusDerIstMeinLeben-04,score/Vulpius_ChristusDerIstMeinLeben-04_8vb.musicxml,,audio/Vulpius_ChristusDerIstMeinLeben_04_tba.mp3,annotations/174.tsv,,72
chorale/Vulpius_DieHelleSonnLeuchtJetztHerfuer_01_as,chorale,,Vulpius_DieHelleSonnLeuchtJetztHerfuer-01,score/Vulpius_DieHelleSonnLeuchtJetztHerfuer-01.musicxml,,audio/Vulpius_DieHelleSonnLeuchtJetztHerfuer_01_as.mp3,annotations/175.tsv,,186
chorale/Vulpius_DieHelleSonnLeuchtJetztHerfuer_01_cl,chorale,,Vulpius_DieHelleSonnLeuchtJetztHerfuer-01,score/Vulpius_DieHelleSonnLeuchtJetztHerfuer-01.musicxml,,audio/Vulpius_DieHelleSonnLeuchtJetztHerfuer_01_cl.mp3,annotations/176.tsv,,186
chorale/Vulpius_DieHelleSonnLeuchtJetztHerfuer_01_fh,chorale,,Vulpius_DieHelleSonnLeuchtJetztHerfuer-01,score/Vulpius_DieHelleSonnLeuchtJetztHerfuer-01.musicxml,,audio/Vulpius_DieHelleSonnLeuchtJetztHerfuer_01_fh.mp3,annotations/177.tsv,,186
chorale/Vulpius_DieHelleSonnLeuchtJetztHerfuer_01_fl,chorale,,Vulpius_DieHelleSonnLeuchtJetztHerfuer-01,score/Vulpius_DieHelleSonnLeuchtJetztHerfuer-01_8va.musicxml,,audio/Vulpius_DieHelleSonnLeuchtJetztHerfuer_01_fl.mp3,annotations/178.tsv,,186
chorale/Vulpius_DieHelleSonnLeuchtJetztHerfuer_01_ob,chorale,,Vulpius_DieHelleSonnLeuchtJetztHerfuer-01,score/Vulpius_DieHelleSonnLeuchtJetztHerfuer-01.musicxml,,audio/Vulpius_DieHelleSonnLeuchtJetztHerfuer_01_ob.mp3,annotations/179.tsv,,186
chorale/Vulpius_DieHelleSonnLeuchtJetztHerfuer_01_tp,chorale,,Vulpius_DieHelleSonnLeuchtJetztHerfuer-01,score/Vulpius_DieHelleSonnLeuchtJetztHerfuer-01.musicxml,,audio/Vulpius_DieHelleSonnLeuchtJetztHerfuer_01_tp.mp3,annotations/180.tsv,,186
chorale/Vulpius_DieHelleSonnLeuchtJetztHerfuer_02_as,chorale,,Vulpius_DieHelleSonnLeuchtJetztHerfuer-02,score/Vulpius_DieHelleSonnLeuchtJetztHerfuer-02.musicxml,,audio/Vulpius_DieHelleSonnLeuchtJetztHerfuer_02_as.mp3,annotations/181.tsv,,186
chorale/Vulpius_DieHelleSonnLeuchtJetztHerfuer_02_cl,chorale,,Vulpius_DieHelleSonnLeuchtJetztHerfuer-02,score/Vulpius_DieHelleSonnLeuchtJetztHerfuer-02.musicxml,,audio/Vulpius_DieHelleSonnLeuchtJetztHerfuer_02_cl.mp3,annotations/182.tsv,,186
chorale/Vulpius_DieHelleSonnLeuchtJetztHerfuer_02_eh,chorale,,Vulpius_DieHelleSonnLeuchtJetztHerfuer-02,score/Vulpius_DieHelleSonnLeuchtJetztHerfuer-02.musicxml,,audio/Vulpius_DieHelleSonnLeuchtJetztHerfuer_02_eh.mp3,annotations/183.tsv,,186
chorale/Vulpius_DieHelleSonnLeuchtJetztHerfuer_02_fh,chorale,,Vulpius_DieHelleSonnLeuchtJetztHerfuer-02,score/Vulpius_DieHelleSonnLeuchtJetztHerfuer-02.musicxml,,audio/Vulpius_DieHelleSonnLeuchtJetztHerfuer_02_fh.mp3,annotations/184.tsv,,186
chorale/Vulpius_DieHelleSonnLeuchtJetztHerfuer_02_tp,chorale,,Vulpius_DieHelleSonnLeuchtJetztHerfuer-02,score/Vulpius_DieHelleSonnLeuchtJetztHerfuer-02.musicxml,,audio/Vulpius_DieHelleSonnLeuchtJetztHerfuer_02_tp.mp3,annotations/185.tsv,,186
chorale/Vulpius_DieHelleSonnLeuchtJetztHerfuer_03_bar,chorale,,Vulpius_DieHelleSonnLeuchtJetztHerfuer-03,score/Vulpius_DieHelleSonnLeuchtJetztHerfuer-03.musicxml,,audio/Vulpius_DieHelleSonnLeuchtJetztHerfuer_03_bar.mp3,annotations/186.tsv,,186
chorale/Vulpius_DieHelleSonnLeuchtJetztHerfuer_03_bs,chorale,,Vulpius_DieHelleSonnLeuchtJetztHerfuer-03,score/Vulpius_DieHelleSonnLeuchtJetztHerfuer-03.musicxml,,audio/Vulpius_DieHelleSonnLeuchtJetztHerfuer_03_bs.mp3,annotations/187.tsv,,186
chorale/Vulpius_DieHelleSonnLeuchtJetztHerfuer_04_bar,chorale,,Vulpius_DieHelleSonnLeuchtJetztHerfuer-04,score/Vulpius_DieHelleSonnLeuchtJetztHerfuer-04.musicxml,,audio/Vulpius_DieHelleSonnLeuchtJetztHerfuer_04_bar.mp3,annotations/188.tsv,,186
chorale/Vulpius_DieHelleSonnLeuchtJetztHerfuer_04_bcl,chorale,,Vulpius_DieHelleSonnLeuchtJetztHerfuer-04,score/Vulpius_DieHelleSonnLeuchtJetztHerfuer-04.musicxml,,audio/Vulpius_DieHelleSonnLeuchtJetztHerfuer_04_bcl.mp3,annotations/189.tsv,,186
chorale/Vulpius_DieHelleSonnLeuchtJetztHerfuer_04_bs,chorale,,Vulpius_DieHelleSonnLeuchtJetztHerfuer-04,score/Vulpius_DieHelleSonnLeuchtJetztHerfuer-04.musicxml,,audio/Vulpius_DieHelleSonnLeuchtJetztHerfuer_04_bs.mp3,annotations/190.tsv,,186
chorale/Vulpius_DieHelleSonnLeuchtJetztHerfuer_04_tba,chorale,,Vulpius_DieHelleSonnLeuchtJetztHerfuer-04,score/Vulpius_DieHelleSonnLeuchtJetztHerfuer-04_8vb.musicxml,,audio/Vulpius_DieHelleSonnLeuchtJetztHerfuer_04_tba.mp3,annotations/191.tsv,,186
kraisler/01_mix_dry,kraisler,,01,score/01.musicxml,,audio/01_mix_dry.mp3,annotations/01.tsv,,101
kraisler/01_mix_hall,kraisler,,01,score/01.musicxml,,audio/01_mix_hall.mp3,annotations/01.tsv,,101
kraisler/01_mix_studio,kraisler,,01,score/01.musicxml,,audio/01_mix_studio.mp3,annotations/01.tsv,,101
kraisler/02_mix_dry,kraisler,,02,score/02.musicxml,,audio/02_mix_dry.mp3,annotations/02.tsv,,56
kraisler/02_mix_hall,kraisler,,02,score/02.musicxml,,audio/02_mix_hall.mp3,annotations/02.tsv,,56
kraisler/02_mix_studio,kraisler,,02,score/02.musicxml,,audio/02_mix_studio.mp3,annotations/02.tsv,,56
kraisler/03_mix_dry,kraisler,,03,score/03.musicxml,,audio/03_mix_dry.mp3,annotations/03.tsv,,191
kraisler/03_mix_hall,kraisler,,03,score/03.musicxml,,audio/03_mix_hall.mp3,annotations/03.tsv,,191
kraisler/03_mix_studio,kraisler,,03,score/03.musicxml,,audio/03_mix_studio.mp3,annotations/03.tsv,,191
kraisler/04_mix_dry,kraisler,,04,score/04.musicxml,,audio/04_mix_dry.mp3,annotations/04.tsv,,71
kraisler/04_mix_hall,kraisler,,04,score/04.musicxml,,audio/04_mix_hall.mp3,annotations/04.tsv,,71
kraisler/04_mix_studio,kraisler,,04,score/04.musicxml,,audio/04_mix_studio.mp3,annotations/04.tsv,,71
kraisler/05_mix_dry,kraisler,,05,score/05.musicxml,,audio/05_mix_dry.mp3,annotations/05.tsv,,66
kraisler/05_mix_hall,kraisler,,05,score/05.musicxml,,audio/05_mix_hall.mp3,annotations/05.tsv,,66
kraisler/05_mix_studio,kraisler,,05,score/05.musicxml,,audio/05_mix_studio.mp3,annotations/05.tsv,,66
kraisler/06_mix_dry,kraisler,,06,score/06.musicxml,,audio/06_mix_dry.mp3,annotations/06.tsv,,98
kraisler/06_mix_hall,kraisler,,06,score/06.musicxml,,audio/06_mix_hall.mp3,annotations/06.tsv,,98
kraisler/06_mix_studio,kraisler,,06,score/06.musicxml,,audio/06_mix_studio.mp3,annotations/06.tsv,,98
kraisler/07_mix_dry,kraisler,,07,score/07.musicxml,,audio/07_mix_dry.mp3,annotations/07.tsv,,83
kraisler/07_mix_hall,kraisler,,07,score/07.musicxml,,audio/07_mix_hall.mp3,annotations/07.tsv,,83
kraisler/07_mix_studio,kraisler,,07,score/07.musicxml,,audio/07_mix_studio.mp3,annotations/07.tsv,,83
kraisler/08_mix_dry,kraisler,,08,score/08.musicxml,,audio/08_mix_dry.mp3,annotations/08.tsv,,275
kraisler/08_mix_hall,kraisler,,08,score/08.musicxml,,audio/08_mix_hall.mp3,annotations/08.tsv,,275
kraisler/08_mix_studio,kraisler,,08,score/08.musicxml,,audio/08_mix_studio.mp3,annotations/08.tsv,,275
kraisler/09_mix_dry,kraisler,,09,score/09.musicxml,,audio/09_mix_dry.mp3,annotations/09.tsv,,64
kraisler/09_mix_hall,kraisler,,09,score/09.musicxml,,audio/09_mix_hall.mp3,annotations/09.tsv,,64
kraisler/09_mix_studio,kraisler,,09,score/09.musicxml,,audio/09_mix_studio.mp3,annotations/09.tsv,,64
kraisler/10_mix_dry,kraisler,,10,score/10.musicxml,,audio/10_mix_dry.mp3,annotations/10.tsv,,59
kraisler/10_mix_hall,kraisler,,10,score/10.musicxml,,audio/10_mix_hall.mp3,annotations/10.tsv,,59
kraisler/10_mix_studio,kraisler,,10,score/10.musicxml,,audio/10_mix_studio.mp3,annotations/10.tsv,,59
kraisler/11_mix_dry,kraisler,,11,score/11.musicxml,,audio/11_mix_dry.mp3,annotations/11.tsv,,37
kraisler/11_mix_hall,kraisler,,11,score/11.musicxml,,audio/11_mix_hall.mp3,annotations/11.tsv,,37
kraisler/11_mix_studio,kraisler,,11,score/11.musicxml,,audio/11_mix_studio.mp3,annotations/11.tsv,,37
kraisler/12_mix_dry,kraisler,,12,score/12.musicxml,,audio/12_mix_dry.mp3,annotations/12.tsv,,55
kraisler/12_mix_hall,kraisler,,12,score/12.musicxml,,audio/12_mix_hall.mp3,annotations/12.tsv,,55
kraisler/12_mix_studio,kraisler,,12,score/12.musicxml,,audio/12_mix_studio.mp3,annotations/12.tsv,,55
kraisler/13_mix_dry,kraisler,,13,score/13.musicxml,,audio/13_mix_dry.mp3,annotations/13.tsv,,118
kraisler/13_mix_hall,kraisler,,13,score/13.musicxml,,audio/13_mix_hall.mp3,annotations/13.tsv,,118
kraisler/13_mix_studio,kraisler,,13,score/13.musicxml,,audio/13_mix_studio.mp3,annotations/13.tsv,,118
kraisler/14_mix_dry,kraisler,,14,score/14.musicxml,,audio/14_mix_dry.mp3,annotations/14.tsv,,52
kraisler/14_mix_hall,kraisler,,14,score/14.musicxml,,audio/14_mix_hall.mp3,annotations/14.tsv,,52
kraisler/14_mix_studio,kraisler,,14,score/14.musicxml,,audio/14_mix_studio.mp3,annotations/14.tsv,,52
kraisler/15_mix_dry,kraisler,,15,score/15.musicxml,,audio/15_mix_dry.mp3,annotations/15.tsv,,48
kraisler/15_mix_hall,kraisler,,15,score/15.musicxml,,audio/15_mix_hall.mp3,annotations/15.tsv,,48
kraisler/15_mix_studio,kraisler,,15,score/15.musicxml,,audio/15_mix_studio.mp3,annotations/15.tsv,,48
kraisler/16_mix_dry,kraisler,,16,score/16.musicxml,,audio/16_mix_dry.mp3,annotations/16.tsv,,76
kraisler/16_mix_hall,kraisler,,16,score/16.musicxml,,audio/16_mix_hall.mp3,annotations/16.tsv,,76
kraisler/16_mix_studio,kraisler,,16,score/16.musicxml,,audio/16_mix_studio.mp3,annotations/16.tsv,,76
kraisler/17_mix_dry,kraisler,,17,score/17.musicxml,,audio/17_mix_dry.mp3,annotations/17.tsv,,116
kraisler/17_mix_hall,kraisler,,17,score/17.musicxml,,audio/17_mix_hall.mp3,annotations/17.tsv,,116
kraisler/17_mix_studio,kraisler,,17,score/17.musicxml,,audio/17_mix_studio.mp3,annotations/17.tsv,,116
kraisler/18_mix_dry,kraisler,,18,score/18.musicxml,,audio/18_mix_dry.mp3,annotations/18.tsv,,135
kraisler/18_mix_hall,kraisler,,18,score/18.musicxml,,audio/18_mix_hall.mp3,annotations/18.tsv,,135
kraisler/18_mix_studio,kraisler,,18,score/18.musicxml,,audio/18_mix_studio.mp3,annotations/18.tsv,,135
kraisler/19_mix_dry,kraisler,,19,score/19.musicxml,,audio/19_mix_dry.mp3,annotations/19.tsv,,170
kraisler/19_mix_hall,kraisler,,19,score/19.musicxml,,audio/19_mix_hall.mp3,annotations/19.tsv,,170
kraisler/19_mix_studio,kraisler,,19,score/19.musicxml,,audio/19_mix_studio.mp3,annotations/19.tsv,,170
kraisler/20_mix_dry,kraisler,,20,score/20.musicxml,,audio/20_mix_dry.mp3,annotations/20.tsv,,163
kraisler/20_mix_hall,kraisler,,20,score/20.musicxml,,audio/20_mix_hall.mp3,annotations/20.tsv,,163
kraisler/20_mix_studio,kraisler,,20,score/20.musicxml,,audio/20_mix_studio.mp3,annotations/20.tsv,,163
urmp/AuMix_01_Jupiter_vn_vc_trim,urmp,,Sco_01_Jupiter_vn_vc,score/Sco_01_Jupiter_vn_vc.mid,,audio/AuMix_01_Jupiter_vn_vc_trim.mp3,annotations/1.tsv,,74
urmp/AuMix_02_Sonata_vn_vn_trim,urmp,,Sco_02_Sonata_vn_vn,score/Sco_02_Sonata_vn_vn.mid,,audio/AuMix_02_Sonata_vn_vn_trim.mp3,annotations/2.tsv,,153
urmp/AuMix_03_Dance_fl_cl_trim,urmp,,Sco_03_Dance_fl_cl,score/Sco_03_Dance_fl_cl.mid,,audio/AuMix_03_Dance_fl_cl_trim.mp3,annotations/3.tsv,,121
urmp/AuMix_04_Allegro_fl_fl_trim,urmp,,Sco_04_Allegro_fl_fl,score/Sco_04_Allegro_fl_fl.mid,,audio/AuMix_04_Allegro_fl_fl_trim.mp3,annotations/4.tsv,,79
urmp/AuMix_05_Entertainer_tpt_tpt_trim,urmp,,Sco_05_Entertainer_tpt_tpt,score/Sco_05_Entertainer_tpt_tpt.mid,,audio/AuMix_05_Entertainer_tpt_tpt_trim.mp3,annotations/5.tsv,,146
urmp/AuMix_06_Entertainer_sax_sax_trim,urmp,,Sco_06_Entertainer_sax_sax,score/Sco_06_Entertainer_sax_sax.mid,,audio/AuMix_06_Entertainer_sax_sax_trim.mp3,annotations/6.tsv,,147
urmp/AuMix_07_GString_tpt_tbn_trim,urmp,,Sco_07_GString_tpt_tbn,score/Sco_07_GString_tpt_tbn.mid,,audio/AuMix_07_GString_tpt_tbn_trim.mp3,annotations/7.tsv,,66
urmp/AuMix_08_Spring_fl_vn_trim,urmp,,Sco_08_Spring_fl_vn,score/Sco_08_Spring_fl_vn.mid,,audio/AuMix_08_Spring_fl_vn_trim.mp3,annotations/8.tsv,,185
urmp/AuMix_09_Jesus_tpt_vn_trim,urmp,,Sco_09_Jesus_tpt_vn,score/Sco_09_Jesus_tpt_vn.mid,,audio/AuMix_09_Jesus_tpt_vn_trim.mp3,annotations/9.tsv,,66
urmp/AuMix_10_March_tpt_sax,urmp,,Sco_10_March_tpt_sax,score/Sco_10_March_tpt_sax.mid,,audio/AuMix_10_March_tpt_sax.mp3,annotations/10.tsv,,150
urmp/AuMix_11_Maria_ob_vc_trim,urmp,,Sco_11_Maria_ob_vc,score/Sco_11_Maria_ob_vc.mid,,audio/AuMix_11_Maria_ob_vc_trim.mp3,annotations/11.tsv,,77
urmp/AuMix_12_Spring_vn_vn_vc_trim,urmp,,Sco_12_Spring_vn_vn_vc,score/Sco_12_Spring_vn_vn_vc.mid,,audio/AuMix_12_Spring_vn_vn_vc_trim.mp3,annotations/12.tsv,,93
urmp/AuMix_13_Hark_vn_vn_va_trim,urmp,,Sco_13_Hark_vn_vn_va,score/Sco_13_Hark_vn_vn_va.mid,,audio/AuMix_13_Hark_vn_vn_va_trim.mp3,annotations/13.tsv,,108
urmp/AuMix_14_Waltz_fl_fl_cl,urmp,,Sco_14_Waltz_fl_fl_cl,score/Sco_14_Waltz_fl_fl_cl.mid,,audio/AuMix_14_Waltz_fl_fl_cl.mp3,annotations/14.tsv,,192
urmp/AuMix_15_Surprise_tpt_tpt_tbn_trim,urmp,,Sco_15_Surprise_tpt_tpt_tbn,score/Sco_15_Surprise_tpt_tpt_tbn.mid,,audio/AuMix_15_Surprise_tpt_tpt_tbn_trim.mp3,annotations/15.tsv,,77
urmp/AuMix_16_Surprise_tpt_tpt_sax_trim,urmp,,Sco_16_Surprise_tpt_tpt_sax,score/Sco_16_Surprise_tpt_tpt_sax.mid,,audio/AuMix_16_Surprise_tpt_tpt_sax_trim.mp3,annotations/16.tsv,,77
urmp/AuMix_17_Nocturne_vn_fl_cl_trim,urmp,,Sco_17_Nocturne_vn_fl_cl,score/Sco_17_Nocturne_vn_fl_cl.mid,,audio/AuMix_17_Nocturne_vn_fl_cl_trim.mp3,annotations/17.tsv,,84
urmp/AuMix_18_Nocturne_vn_fl_tpt_trim,urmp,,Sco_18_Nocturne_vn_fl_tpt,score/Sco_18_Nocturne_vn_fl_tpt.mid,,audio/AuMix_18_Nocturne_vn_fl_tpt_trim.mp3,annotations/18.tsv,,84
urmp/AuMix_19_Pavane_cl_vn_vc_trim,urmp,,Sco_19_Pavane_cl_vn_vc,score/Sco_19_Pavane_cl_vn_vc.mid,,audio/AuMix_19_Pavane_cl_vn_vc_trim.mp3,annotations/19.tsv,,82
urmp/AuMix_20_Pavane_tpt_vn_vc_trim,urmp,,Sco_20_Pavane_tpt_vn_vc,score/Sco_20_Pavane_tpt_vn_vc.mid,,audio/AuMix_20_Pavane_tpt_vn_vc_trim.mp3,annotations/20.tsv,,82
urmp/AuMix_21_Rejouissance_cl_tbn_tba_trim,urmp,,Sco_21_Rejouissance_cl_tbn_tba,score/Sco_21_Rejouissance_cl_tbn_tba.mid,,audio/AuMix_21_Rejouissance_cl_tbn_tba_trim.mp3,annotations/21.tsv,,91
urmp/AuMix_22_Rejouissance_sax_tbn_tba_trim,urmp,,Sco_22_Rejouissance_sax_tbn_tba,score/Sco_22_Rejouissance_sax_tbn_tba.mid,,audio/AuMix_22_Rejouissance_sax_tbn_tba_trim.mp3,annotations/22.tsv,,91
urmp/AuMix_23_Rejouissance_cl_sax_tba_trim,urmp,,Sco_23_Rejouissance_cl_sax_tba,score/Sco_23_Rejouissance_cl_sax_tba.mid,,audio/AuMix_23_Rejouissance_cl_sax_tba_trim.mp3,annotations/23.tsv,,91
urmp/AuMix_24_Pirates_vn_vn_va_vc,urmp,,Sco_24_Pirates_vn_vn_va_vc,score/Sco_24_Pirates_vn_vn_va_vc.mid,,audio/AuMix_24_Pirates_vn_vn_va_vc.mp3,annotations/24.tsv,,189
urmp/AuMix_25_Pirates_vn_vn_va_sax,urmp,,Sco_25_Pirates_vn_vn_va_sax,score/Sco_25_Pirates_vn_vn_va_sax.mid,,audio/AuMix_25_Pirates_vn_vn_va_sax.mp3,annotations/25.tsv,,189
urmp/AuMix_26_King_vn_vn_va_vc,urmp,,Sco_26_King_vn_vn_va_vc,score/Sco_26_King_vn_vn_va_vc.mid,,audio/AuMix_26_King_vn_vn_va_vc.mp3,annotations/26.tsv,,108
urmp/AuMix_27_King_vn_vn_va_sax,urmp,,Sco_27_King_vn_vn_va_sax,score/Sco_27_King_vn_vn_va_sax.mid,,audio/AuMix_27_King_vn_vn_va_sax.mp3,annotations/27.tsv,,108
urmp/AuMix_28_Fugue_fl_ob_cl_bn_trim,urmp,,Sco_28_Fugue_fl_ob_cl_bn,score/Sco_28_Fugue_fl_ob_cl_bn.mid,,audio/AuMix_28_Fugue_fl_ob_cl_bn_trim.mp3,annotations/28.tsv,,55
urmp/AuMix_29_Fugue_fl_fl_ob_cl_trim,urmp,,Sco_29_Fugue_fl_fl_ob_cl,score/Sco_29_Fugue_fl_fl_ob_cl.mid,,audio/AuMix_29_Fugue_fl_fl_ob_cl_trim.mp3,annotations/29.tsv,,56
urmp/AuMix_30_Fugue_fl_fl_ob_sax_trim,urmp,,Sco_30_Fugue_fl_fl_ob_sax,score/Sco_30_Fugue_fl_fl_ob_sax.mid,,audio/AuMix_30_Fugue_fl_fl_ob_sax_trim.mp3,annotations/30.tsv,,56
urmp/AuMix_31_Slavonic_tpt_tpt_hn_tbn_trim,urmp,,Sco_31_Slavonic_tpt_tpt_hn_tbn,score/Sco_31_Slavonic_tpt_tpt_hn_tbn.mid,,audio/AuMix_31_Slavonic_tpt_tpt_hn_tbn_trim.mp3,annotations/31.tsv,,258
urmp/AuMix_32_Fugue_vn_vn_va_vc_trim,urmp,,Sco_32_Fugue_vn_vn_va_vc,score/Sco_32_Fugue_vn_vn_va_vc.mid,,audio/AuMix_32_Fugue_vn_vn_va_vc_trim.mp3,annotations/32.tsv,,55
urmp/AuMix_33_Elise_tpt_tpt_hn_tbn_trim,urmp,,Sco_33_Elise_tpt_tpt_hn_tbn,score/Sco_33_Elise_tpt_tpt_hn_tbn.mid,,audio/AuMix_33_Elise_tpt_tpt_hn_tbn_trim.mp3,annotations/33.tsv,,238
urmp/AuMix_34_Fugue_tpt_tpt_hn_tbn_trim,urmp,,Sco_34_Fugue_tpt_tpt_hn_tbn,score/Sco_34_Fugue_tpt_tpt_hn_tbn.mid,,audio/AuMix_34_Fugue_tpt_tpt_hn_tbn_trim.mp3,annotations/34.tsv,,55
urmp/AuMix_35_Rondeau_vn_vn_va_db_trim,urmp,,Sco_35_Rondeau_vn_vn_va_db,score/Sco_35_Rondeau_vn_vn_va_db.mid,,audio/AuMix_35_Rondeau_vn_vn_va_db_trim.mp3,annotations/35.tsv,,93
urmp/AuMix_36_Rondeau_vn_vn_va_vc_trim,urmp,,Sco_36_Rondeau_vn_vn_va_vc,score/Sco_36_Rondeau_vn_vn_va_vc.mid,,audio/AuMix_36_Rondeau_vn_vn_va_vc_trim.mp3,annotations/36.tsv,,93
urmp/AuMix_37_Rondeau_fl_vn_va_cl_trim,urmp,,Sco_37_Rondeau_fl_vn_va_cl,score/Sco_37_Rondeau_fl_vn_va_cl.mid,,audio/AuMix_37_Rondeau_fl_vn_va_cl_trim.mp3,annotations/37.tsv,,93
urmp/AuMix_38_Jerusalem_vn_vn_va_vc_db_trim,urmp,,Sco_38_Jerusalem_vn_vn_va_vc_db,score/Sco_38_Jerusalem_vn_vn_va_vc_db.mid,,audio/AuMix_38_Jerusalem_vn_vn_va_vc_db_trim.mp3,annotations/38.tsv,,64
urmp/AuMix_39_Jerusalem_vn_vn_va_sax_db_trim,urmp,,Sco_39_Jerusalem_vn_vn_va_sax_db,score/Sco_39_Jerusalem_vn_vn_va_sax_db.mid,,audio/AuMix_39_Jerusalem_vn_vn_va_sax_db_trim.mp3,annotations/39.tsv,,64
urmp/AuMix_40_Miserere_fl_fl_ob_cl_bn_trim,urmp,,Sco_40_Miserere_fl_fl_ob_cl_bn,score/Sco_40_Miserere_fl_fl_ob_cl_bn.mid,,audio/AuMix_40_Miserere_fl_fl_ob_cl_bn_trim.mp3,annotations/40.tsv,,132
urmp/AuMix_41_Miserere_fl_fl_ob_sax_bn_trim,urmp,,Sco_41_Miserere_fl_fl_ob_sax_bn,score/Sco_41_Miserere_fl_fl_ob_sax_bn.mid,,audio/AuMix_41_Miserere_fl_fl_ob_sax_bn_trim.mp3,annotations/41.tsv,,132
urmp/AuMix_42_Arioso_tpt_tpt_hn_tbn_tba_trim,urmp,,Sco_42_Arioso_tpt_tpt_hn_tbn_tba,score/Sco_42_Arioso_tpt_tpt_hn_tbn_tba.mid,,audio/AuMix_42_Arioso_tpt_tpt_hn_tbn_tba_trim.mp3,annotations/42.tsv,,75
urmp/AuMix_43_Chorale_tpt_tpt_hn_tbn_tba_trim,urmp,,Sco_43_Chorale_tpt_tpt_hn_tbn_tba,score/Sco_43_Chorale_tpt_tpt_hn_tbn_tba.mid,,audio/AuMix_43_Chorale_tpt_tpt_hn_tbn_tba_trim.mp3,annotations/43.tsv,,158
urmp/AuMix_44_K515_vn_vn_va_va_vc_trim,urmp,,Sco_44_K515_vn_vn_va_va_vc,score/Sco_44_K515_vn_vn_va_va_vc.mid,,audio/AuMix_44_K515_vn_vn_va_va_vc_trim.mp3,annotations/44.tsv,,186
winterreise/Schubert_D911-01_HU33,winterreise,,Schubert_D911-01_HU33,score/Schubert_D911-01_HU33.xml,,audio/Schubert_D911-01_HU33.mp3,annotations/1.tsv,,53
winterreise/Schubert_D911-01_SC06,winterreise,,Schubert_D911-01_SC06,score/Schubert_D911-01_SC06.xml,,audio/Schubert_D911-01_SC06.mp3,annotations/2.tsv,,50
winterreise/Schubert_D911-02_HU33,winterreise,,Schubert_D911-02_HU33,score/Schubert_D911-02_HU33.xml,,audio/Schubert_D911-02_HU33.mp3,annotations/3.tsv,,181
winterreise/Schubert_D911-02_SC06,winterreise,,Schubert_D911-02_SC06,score/Schubert_D911-02_SC06.xml,,audio/Schubert_D911-02_SC06.mp3,annotations/4.tsv,,192
winterreise/Schubert_D911-03_HU33,winterreise,,Schubert_D911-03_HU33,score/Schubert_D911-03_HU33.xml,,audio/Schubert_D911-03_HU33.mp3,annotations/5.tsv,,44
winterreise/Schubert_D911-03_SC06,winterreise,,Schubert_D911-03_SC06,score/Schubert_D911-03_SC06.xml,,audio/Schubert_D911-03_SC06.mp3,annotations/6.tsv,,48
winterreise/Schubert_D911-04_HU33,winterreise,,Schubert_D911-04_HU33,score/Schubert_D911-04_HU33.xml,,audio/Schubert_D911-04_HU33.mp3,annotations/7.tsv,,146
winterreise/Schubert_D911-04_SC06,winterreise,,Schubert_D911-04_SC06,score/Schubert_D911-04_SC06.xml,,audio/Schubert_D911-04_SC06.mp3,annotations/8.tsv,,164
winterreise/Schubert_D911-05_HU33,winterreise,,Schubert_D911-05_HU33,score/Schubert_D911-05_HU33.xml,,audio/Schubert_D911-05_HU33.mp3,annotations/9.tsv,,54
winterreise/Schubert_D911-05_SC06,winterreise,,Schubert_D911-05_SC06,score/Schubert_D911-05_SC06.xml,,audio/Schubert_D911-05_SC06.mp3,annotations/10.tsv,,51
winterreise/Schubert_D911-06_HU33,winterreise,,Schubert_D911-06_HU33,score/Schubert_D911-06_HU33.xml,,audio/Schubert_D911-06_HU33.mp3,annotations/11.tsv,,42
winterreise/Schubert_D911-06_SC06,winterreise,,Schubert_D911-06_SC06,score/Schubert_D911-06_SC06.xml,,audio/Schubert_D911-06_SC06.mp3,annotations/12.tsv,,45
winterreise/Schubert_D911-07_HU33,winterreise,,Schubert_D911-07_HU33,score/Schubert_D911-07_HU33.xml,,audio/Schubert_D911-07_HU33.mp3,annotations/13.tsv,,47
winterreise/Schubert_D911-07_SC06,winterreise,,Schubert_D911-07_SC06,score/Schubert_D911-07_SC06.xml,,audio/Schubert_D911-07_SC06.mp3,annotations/14.tsv,,47
winterreise/Schubert_D911-08_HU33,winterreise,,Schubert_D911-08_HU33,score/Schubert_D911-08_HU33.xml,,audio/Schubert_D911-08_HU33.mp3,annotations/15.tsv,,101
winterreise/Schubert_D911-08_SC06,winterreise,,Schubert_D911-08_SC06,score/Schubert_D911-08_SC06.xml,,audio/Schubert_D911-08_SC06.mp3,annotations/16.tsv,,109
winterreise/Schubert_D911-09_HU33,winterreise,,Schubert_D911-09_HU33,score/Schubert_D911-09_HU33.xml,,audio/Schubert_D911-09_HU33.mp3,annotations/17.tsv,,58
winterreise/Schubert_D911-09_SC06,winterreise,,Schubert_D911-09_SC06,score/Schubert_D911-09_SC06.xml,,audio/Schubert_D911-09_SC06.mp3,annotations/18.tsv,,53
winterreise/Schubert_D911-10_HU33,winterreise,,Schubert_D911-10_HU33,score/Schubert_D911-10_HU33.xml,,audio/Schubert_D911-10_HU33.mp3,annotations/19.tsv,,41
winterreise/Schubert_D911-10_SC06,winterreise,,Schubert_D911-10_SC06,score/Schubert_D911-10_SC06.xml,,audio/Schubert_D911-10_SC06.mp3,annotations/20.tsv,,44
winterreise/Schubert_D911-11_HU33,winterreise,,Schubert_D911-11_HU33,score/Schubert_D911-11_HU33.xml,,audio/Schubert_D911-11_HU33.mp3,annotations/21.tsv,,92
winterreise/Schubert_D911-11_SC06,winterreise,,Schubert_D911-11_SC06,score/Schubert_D911-11_SC06.xml,,audio/Schubert_D911-11_SC06.mp3,annotations/22.tsv,,98
winterreise/Schubert_D911-12_HU33,winterreise,,Schubert_D911-12_HU33,score/Schubert_D911-12_HU33.xml,,audio/Schubert_D911-12_HU33.mp3,annotations/23.tsv,,36
winterreise/Schubert_D911-12_SC06,winterreise,,Schubert_D911-12_SC06,score/Schubert_D911-12_SC06.xml,,audio/Schubert_D911-12_SC06.mp3,annotations/24.tsv,,39
winterreise/Schubert_D911-13_HU33,winterreise,,Schubert_D911-13_HU33,score/Schubert_D911-13_HU33.xml,,audio/Schubert_D911-13_HU33.mp3,annotations/25.tsv,,320
winterreise/Schubert_D911-13_SC06,winterreise,,Schubert_D911-13_SC06,score/Schubert_D911-13_SC06.xml,,audio/Schubert_D911-13_SC06.mp3,annotations/26.tsv,,288
winterreise/Schubert_D911-14_HU33,winterreise,,Schubert_D911-14_HU33,score/Schubert_D911-14_HU33.xml,,audio/Schubert_D911-14_HU33.mp3,annotations/27.tsv,,43
winterreise/Schubert_D911-14_SC06,winterreise,,Schubert_D911-14_SC06,score/Schubert_D911-14_SC06.xml,,audio/Schubert_D911-14_SC06.mp3,annotations/28.tsv,,53
winterreise/Schubert_D911-15_HU33,winterreise,,Schubert_D911-15_HU33,score/Schubert_D911-15_HU33.xml,,audio/Schubert_D911-15_HU33.mp3,annotations/29.tsv,,42
winterreise/Schubert_D911-15_SC06,winterreise,,Schubert_D911-15_SC06,score/Schubert_D911-15_SC06.xml,,audio/Schubert_D911-15_SC06.mp3,annotations/30.tsv,,44
winterreise/Schubert_D911-16_HU33,winterreise,,Schubert_D911-16_HU33,score/Schubert_D911-16_HU33.xml,,audio/Schubert_D911-16_HU33.mp3,annotations/31.tsv,,61
winterreise/Schubert_D911-16_SC06,winterreise,,Schubert_D911-16_SC06,score/Schubert_D911-16_SC06.xml,,audio/Schubert_D911-16_SC06.mp3,annotations/32.tsv,,75
winterreise/Schubert_D911-17_HU33,winterreise,,Schubert_D911-17_HU33,score/Schubert_D911-17_HU33.xml,,audio/Schubert_D911-17_HU33.mp3,annotations/33.tsv,,178
winterreise/Schubert_D911-17_SC06,winterreise,,Schubert_D911-17_SC06,score/Schubert_D911-17_SC06.xml,,audio/Schubert_D911-17_SC06.mp3,annotations/34.tsv,,185
winterreise/Schubert_D911-18_HU33,winterreise,,Schubert_D911-18_HU33,score/Schubert_D911-18_HU33.xml,,audio/Schubert_D911-18_HU33.mp3,annotations/35.tsv,,94
winterreise/Schubert_D911-18_SC06,winterreise,,Schubert_D911-18_SC06,score/Schubert_D911-18_SC06.xml,,audio/Schubert_D911-18_SC06.mp3,annotations/36.tsv,,102
winterreise/Schubert_D911-19_HU33,winterreise,,Schubert_D911-19_HU33,score/Schubert_D911-19_HU33.xml,,audio/Schubert_D911-19_HU33.mp3,annotations/37.tsv,,219
winterreise/Schubert_D911-19_SC06,winterreise,,Schubert_D911-19_SC06,score/Schubert_D911-19_SC06.xml,,audio/Schubert_D911-19_SC06.mp3,annotations/38.tsv,,211
winterreise/Schubert_D911-20_HU33,winterreise,,Schubert_D911-20_HU33,score/Schubert_D911-20_HU33.xml,,audio/Schubert_D911-20_HU33.mp3,annotations/39.tsv,,41
winterreise/Schubert_D911-20_SC06,winterreise,,Schubert_D911-20_SC06,score/Schubert_D911-20_SC06.xml,,audio/Schubert_D911-20_SC06.mp3,annotations/40.tsv,,43
winterreise/Schubert_D911-21_HU33,winterreise,,Schubert_D911-21_HU33,score/Schubert_D911-21_HU33.xml,,audio/Schubert_D911-21_HU33.mp3,annotations/41.tsv,,34
winterreise/Schubert_D911-21_SC06,winterreise,,Schubert_D911-21_SC06,score/Schubert_D911-21_SC06.xml,,audio/Schubert_D911-21_SC06.mp3,annotations/42.tsv,,31
winterreise/Schubert_D911-22_HU33,winterreise,,Schubert_D911-22_HU33,score/Schubert_D911-22_HU33.xml,,audio/Schubert_D911-22_HU33.mp3,annotations/43.tsv,,96
winterreise/Schubert_D911-22_SC06,winterreise,,Schubert_D911-22_SC06,score/Schubert_D911-22_SC06.xml,,audio/Schubert_D911-22_SC06.mp3,annotations/44.tsv,,103
winterreise/Schubert_D911-23_HU33,winterreise,,Schubert_D911-23_HU33,score/Schubert_D911-23_HU33.xml,,audio/Schubert_D911-23_HU33.mp3,annotations/45.tsv,,30
winterreise/Schubert_D911-23_SC06,winterreise,,Schubert_D911-23_SC06,score/Schubert_D911-23_SC06.xml,,audio/Schubert_D911-23_SC06.mp3,annotations/46.tsv,,32
winterreise/Schubert_D911-24_HU33,winterreise,,Schubert_D911-24_HU33,score/Schubert_D911-24_HU33.xml,,audio/Schubert_D911-24_HU33.mp3,annotations/47.tsv,,58
winterreise/Schubert_D911-24_SC06,winterreise,,Schubert_D911-24_SC06,score/Schubert_D911-24_SC06.xml,,audio/Schubert_D911-24_SC06.mp3,annotations/48.tsv,,53
