composer,title,folder,xml_score,midi_score,midi_performance,performance_annotations,midi_score_annotations,maestro_midi_performance,maestro_audio_performance,start,end,audio_performance,robust_note_alignment,difficulty,match
Bach,Fugue_bwv_858,Bach/Fugue/bwv_858,Bach/Fugue/bwv_858/xml_score.musicxml,Bach/Fugue/bwv_858/midi_score.mid,Bach/Fugue/bwv_858/Zhang01M.mid,Bach/Fugue/bwv_858/Zhang01M_annotations.txt,Bach/Fugue/bwv_858/midi_score_annotations.txt,{maestro}/2011/MIDI-Unprocessed_07_R1_2011_MID--AUDIO_R1-D3_02_Track02_wav.midi,{maestro}/2011/MIDI-Unprocessed_07_R1_2011_MID--AUDIO_R1-D3_02_Track02_wav.wav,90.33072916666666,,Bach/Fugue/bwv_858/Zhang01M.wav,1.0,3,Bach/Fugue/bwv_858/Zhang01M.match
Bach,Fugue_bwv_862,Bach/Fugue/bwv_862,Bach/Fugue/bwv_862/xml_score.musicxml,Bach/Fugue/bwv_862/midi_score.mid,Bach/Fugue/bwv_862/Song04M.mid,Bach/Fugue/bwv_862/Song04M_annotations.txt,Bach/Fugue/bwv_862/midi_score_annotations.txt,{maestro}/2008/MIDI-Unprocessed_13_R1_2008_01-04_ORIG_MID--AUDIO_13_R1_2008_wav--1.midi,{maestro}/2008/MIDI-Unprocessed_13_R1_2008_01-04_ORIG_MID--AUDIO_13_R1_2008_wav--1.wav,78.703125,,Bach/Fugue/bwv_862/Song04M.wav,1.0,2,Bach/Fugue/bwv_862/Song04M.match
Bach,Fugue_bwv_863,Bach/Fugue/bwv_863,Bach/Fugue/bwv_863/xml_score.musicxml,Bach/Fugue/bwv_863/midi_score.mid,Bach/Fugue/bwv_863/LeeN01M.mid,Bach/Fugue/bwv_863/LeeN01M_annotations.txt,Bach/Fugue/bwv_863/midi_score_annotations.txt,{maestro}/2015/MIDI-Unprocessed_R1_D1-1-8_mid--AUDIO-from_mp3_07_R1_2015_wav--1.midi,{maestro}/2015/MIDI-Unprocessed_R1_D1-1-8_mid--AUDIO-from_mp3_07_R1_2015_wav--1.wav,108.51666666666668,,Bach/Fugue/bwv_863/LeeN01M.wav,1.0,2,Bach/Fugue/bwv_863/LeeN01M.match
Bach,Fugue_bwv_863,Bach/Fugue/bwv_863,Bach/Fugue/bwv_863/xml_score.musicxml,Bach/Fugue/bwv_863/midi_score.mid,Bach/Fugue/bwv_863/TongB01M.mid,Bach/Fugue/bwv_863/TongB01M_annotations.txt,Bach/Fugue/bwv_863/midi_score_annotations.txt,{maestro}/2017/MIDI-Unprocessed_056_PIANO056_MID--AUDIO-split_07-07-17_Piano-e_1-05_wav--1.midi,{maestro}/2017/MIDI-Unprocessed_056_PIANO056_MID--AUDIO-split_07-07-17_Piano-e_1-05_wav--1.wav,97.58020833333332,,Bach/Fugue/bwv_863/TongB01M.wav,1.0,2,Bach/Fugue/bwv_863/TongB01M.match
Bach,Fugue_bwv_873,Bach/Fugue/bwv_873,Bach/Fugue/bwv_873/xml_score.musicxml,Bach/Fugue/bwv_873/midi_score.mid,Bach/Fugue/bwv_873/Lisiecki13M.mid,Bach/Fugue/bwv_873/Lisiecki13M_annotations.txt,Bach/Fugue/bwv_873/midi_score_annotations.txt,{maestro}/2008/MIDI-Unprocessed_11_R3_2008_01-04_ORIG_MID--AUDIO_11_R3_2008_wav--1.midi,{maestro}/2008/MIDI-Unprocessed_11_R3_2008_01-04_ORIG_MID--AUDIO_11_R3_2008_wav--1.wav,260.9700520833333,,Bach/Fugue/bwv_873/Lisiecki13M.wav,1.0,3,Bach/Fugue/bwv_873/Lisiecki13M.match
Bach,Fugue_bwv_891,Bach/Fugue/bwv_891,Bach/Fugue/bwv_891/xml_score.musicxml,Bach/Fugue/bwv_891/midi_score.mid,Bach/Fugue/bwv_891/Duepree06M.mid,Bach/Fugue/bwv_891/Duepree06M_annotations.txt,Bach/Fugue/bwv_891/midi_score_annotations.txt,{maestro}/2008/MIDI-Unprocessed_03_R1_2008_01-04_ORIG_MID--AUDIO_03_R1_2008_wav--1.midi,{maestro}/2008/MIDI-Unprocessed_03_R1_2008_01-04_ORIG_MID--AUDIO_03_R1_2008_wav--1.wav,143.94921875,,Bach/Fugue/bwv_891/Duepree06M.wav,1.0,3,Bach/Fugue/bwv_891/Duepree06M.match
Bach,Prelude_bwv_858,Bach/Prelude/bwv_858,Bach/Prelude/bwv_858/xml_score.musicxml,Bach/Prelude/bwv_858/midi_score.mid,Bach/Prelude/bwv_858/VuV01M.mid,Bach/Prelude/bwv_858/VuV01M_annotations.txt,Bach/Prelude/bwv_858/midi_score_annotations.txt,{maestro}/2015/MIDI-Unprocessed_R1_D1-1-8_mid--AUDIO-from_mp3_02_R1_2015_wav--1.midi,{maestro}/2015/MIDI-Unprocessed_R1_D1-1-8_mid--AUDIO-from_mp3_02_R1_2015_wav--1.wav,,80.89583333333333,Bach/Prelude/bwv_858/VuV01M.wav,1.0,2,Bach/Prelude/bwv_858/VuV01M.match
Bach,Prelude_bwv_858,Bach/Prelude/bwv_858,Bach/Prelude/bwv_858/xml_score.musicxml,Bach/Prelude/bwv_858/midi_score.mid,Bach/Prelude/bwv_858/Zhang01M.mid,Bach/Prelude/bwv_858/Zhang01M_annotations.txt,Bach/Prelude/bwv_858/midi_score_annotations.txt,{maestro}/2011/MIDI-Unprocessed_07_R1_2011_MID--AUDIO_R1-D3_02_Track02_wav.midi,{maestro}/2011/MIDI-Unprocessed_07_R1_2011_MID--AUDIO_R1-D3_02_Track02_wav.wav,,87.20833333333331,Bach/Prelude/bwv_858/Zhang01M.wav,1.0,2,Bach/Prelude/bwv_858/Zhang01M.match
Bach,Prelude_bwv_863,Bach/Prelude/bwv_863,Bach/Prelude/bwv_863/xml_score.musicxml,Bach/Prelude/bwv_863/midi_score.mid,Bach/Prelude/bwv_863/Shychko01M.mid,Bach/Prelude/bwv_863/Shychko01M_annotations.txt,Bach/Prelude/bwv_863/midi_score_annotations.txt,{maestro}/2011/MIDI-Unprocessed_11_R1_2011_MID--AUDIO_R1-D4_07_Track07_wav.midi,{maestro}/2011/MIDI-Unprocessed_11_R1_2011_MID--AUDIO_R1-D4_07_Track07_wav.wav,,102.03385416666666,Bach/Prelude/bwv_863/Shychko01M.wav,1.0,2,Bach/Prelude/bwv_863/Shychko01M.match
Bach,Prelude_bwv_863,Bach/Prelude/bwv_863,Bach/Prelude/bwv_863/xml_score.musicxml,Bach/Prelude/bwv_863/midi_score.mid,Bach/Prelude/bwv_863/TongB01M.mid,Bach/Prelude/bwv_863/TongB01M_annotations.txt,Bach/Prelude/bwv_863/midi_score_annotations.txt,{maestro}/2017/MIDI-Unprocessed_056_PIANO056_MID--AUDIO-split_07-07-17_Piano-e_1-05_wav--1.midi,{maestro}/2017/MIDI-Unprocessed_056_PIANO056_MID--AUDIO-split_07-07-17_Piano-e_1-05_wav--1.wav,,94.35416666666669,Bach/Prelude/bwv_863/TongB01M.wav,1.0,2,Bach/Prelude/bwv_863/TongB01M.match
Bach,Prelude_bwv_891,Bach/Prelude/bwv_891,Bach/Prelude/bwv_891/xml_score.musicxml,Bach/Prelude/bwv_891/midi_score.mid,Bach/Prelude/bwv_891/BLINOV04M.mid,Bach/Prelude/bwv_891/BLINOV04M_annotations.txt,Bach/Prelude/bwv_891/midi_score_annotations.txt,{maestro}/2004/MIDI-Unprocessed_XP_03_R1_2004_01-02_ORIG_MID--AUDIO_03_R1_2004_01_Track01_wav.midi,{maestro}/2004/MIDI-Unprocessed_XP_03_R1_2004_01-02_ORIG_MID--AUDIO_03_R1_2004_01_Track01_wav.wav,,155.54479166666667,Bach/Prelude/bwv_891/BLINOV04M.wav,1.0,2,Bach/Prelude/bwv_891/BLINOV04M.match
Beethoven,Piano_Sonatas_12-1,Beethoven/Piano_Sonatas/12-1,Beethoven/Piano_Sonatas/12-1/xml_score.musicxml,Beethoven/Piano_Sonatas/12-1/midi_score.mid,Beethoven/Piano_Sonatas/12-1/Kleisen05M.mid,Beethoven/Piano_Sonatas/12-1/Kleisen05M_annotations.txt,Beethoven/Piano_Sonatas/12-1/midi_score_annotations.txt,{maestro}/2008/MIDI-Unprocessed_06_R1_2008_01-04_ORIG_MID--AUDIO_06_R1_2008_wav--2.midi,{maestro}/2008/MIDI-Unprocessed_06_R1_2008_01-04_ORIG_MID--AUDIO_06_R1_2008_wav--2.wav,,,Beethoven/Piano_Sonatas/12-1/Kleisen05M.wav,1.0,3,Beethoven/Piano_Sonatas/12-1/Kleisen05M.match
Beethoven,Piano_Sonatas_16-1,Beethoven/Piano_Sonatas/16-1,Beethoven/Piano_Sonatas/16-1/xml_score.musicxml,Beethoven/Piano_Sonatas/16-1/midi_score.mid,Beethoven/Piano_Sonatas/16-1/BuiJL02M.mid,Beethoven/Piano_Sonatas/16-1/BuiJL02M_annotations.txt,Beethoven/Piano_Sonatas/16-1/midi_score_annotations.txt,{maestro}/2017/MIDI-Unprocessed_046_PIANO046_MID--AUDIO-split_07-06-17_Piano-e_2-02_wav--2.midi,{maestro}/2017/MIDI-Unprocessed_046_PIANO046_MID--AUDIO-split_07-06-17_Piano-e_2-02_wav--2.wav,,,Beethoven/Piano_Sonatas/16-1/BuiJL02M.wav,1.0,3,Beethoven/Piano_Sonatas/16-1/BuiJL02M.match
Beethoven,Piano_Sonatas_16-1,Beethoven/Piano_Sonatas/16-1,Beethoven/Piano_Sonatas/16-1/xml_score.musicxml,Beethoven/Piano_Sonatas/16-1/midi_score.mid,Beethoven/Piano_Sonatas/16-1/Khmara05M.mid,Beethoven/Piano_Sonatas/16-1/Khmara05M_annotations.txt,Beethoven/Piano_Sonatas/16-1/midi_score_annotations.txt,{maestro}/2008/MIDI-Unprocessed_05_R1_2008_01-04_ORIG_MID--AUDIO_05_R1_2008_wav--2.midi,{maestro}/2008/MIDI-Unprocessed_05_R1_2008_01-04_ORIG_MID--AUDIO_05_R1_2008_wav--2.wav,,,Beethoven/Piano_Sonatas/16-1/Khmara05M.wav,1.0,3,Beethoven/Piano_Sonatas/16-1/Khmara05M.match
Beethoven,Piano_Sonatas_16-1,Beethoven/Piano_Sonatas/16-1,Beethoven/Piano_Sonatas/16-1/xml_score.musicxml,Beethoven/Piano_Sonatas/16-1/midi_score.mid,Beethoven/Piano_Sonatas/16-1/LeeSH02M.mid,Beethoven/Piano_Sonatas/16-1/LeeSH02M_annotations.txt,Beethoven/Piano_Sonatas/16-1/midi_score_annotations.txt,{maestro}/2017/MIDI-Unprocessed_049_PIANO049_MID--AUDIO-split_07-06-17_Piano-e_2-06_wav--2.midi,{maestro}/2017/MIDI-Unprocessed_049_PIANO049_MID--AUDIO-split_07-06-17_Piano-e_2-06_wav--2.wav,,,Beethoven/Piano_Sonatas/16-1/LeeSH02M.wav,1.0,3,Beethoven/Piano_Sonatas/16-1/LeeSH02M.match
Beethoven,Piano_Sonatas_16-1,Beethoven/Piano_Sonatas/16-1,Beethoven/Piano_Sonatas/16-1/xml_score.musicxml,Beethoven/Piano_Sonatas/16-1/midi_score.mid,Beethoven/Piano_Sonatas/16-1/Woo05M.mid,Beethoven/Piano_Sonatas/16-1/Woo05M_annotations.txt,Beethoven/Piano_Sonatas/16-1/midi_score_annotations.txt,{maestro}/2008/MIDI-Unprocessed_17_R1_2008_01-04_ORIG_MID--AUDIO_17_R1_2008_wav--2.midi,{maestro}/2008/MIDI-Unprocessed_17_R1_2008_01-04_ORIG_MID--AUDIO_17_R1_2008_wav--2.wav,,,Beethoven/Piano_Sonatas/16-1/Woo05M.wav,1.0,3,Beethoven/Piano_Sonatas/16-1/Woo05M.match
Beethoven,Piano_Sonatas_18-4,Beethoven/Piano_Sonatas/18-4,Beethoven/Piano_Sonatas/18-4/xml_score.musicxml,Beethoven/Piano_Sonatas/18-4/midi_score.mid,Beethoven/Piano_Sonatas/18-4/ChenGuang06M.mid,Beethoven/Piano_Sonatas/18-4/ChenGuang06M_annotations.txt,Beethoven/Piano_Sonatas/18-4/midi_score_annotations.txt,{maestro}/2014/MIDI-UNPROCESSED_04-05_R1_2014_MID--AUDIO_04_R1_2014_wav--2.midi,{maestro}/2014/MIDI-UNPROCESSED_04-05_R1_2014_MID--AUDIO_04_R1_2014_wav--2.wav,927.3072916666664,,Beethoven/Piano_Sonatas/18-4/ChenGuang06M.wav,1.0,3,Beethoven/Piano_Sonatas/18-4/ChenGuang06M.match
Beethoven,Piano_Sonatas_18-4,Beethoven/Piano_Sonatas/18-4,Beethoven/Piano_Sonatas/18-4/xml_score.musicxml,Beethoven/Piano_Sonatas/18-4/midi_score.mid,Beethoven/Piano_Sonatas/18-4/KOLESO06M.mid,Beethoven/Piano_Sonatas/18-4/KOLESO06M_annotations.txt,Beethoven/Piano_Sonatas/18-4/midi_score_annotations.txt,{maestro}/2004/MIDI-Unprocessed_XP_15_R1_2004_03_ORIG_MID--AUDIO_15_R1_2004_03_Track03_wav.midi,{maestro}/2004/MIDI-Unprocessed_XP_15_R1_2004_03_ORIG_MID--AUDIO_15_R1_2004_03_Track03_wav.wav,841.3364583333333,,Beethoven/Piano_Sonatas/18-4/KOLESO06M.wav,1.0,3,Beethoven/Piano_Sonatas/18-4/KOLESO06M.match
Beethoven,Piano_Sonatas_3-2,Beethoven/Piano_Sonatas/3-2,Beethoven/Piano_Sonatas/3-2/xml_score.musicxml,Beethoven/Piano_Sonatas/3-2/midi_score.mid,Beethoven/Piano_Sonatas/3-2/MiyashitaM04M.mid,Beethoven/Piano_Sonatas/3-2/MiyashitaM04M_annotations.txt,Beethoven/Piano_Sonatas/3-2/midi_score_annotations.txt,{maestro}/2015/MIDI-Unprocessed_R1_D1-9-12_mid--AUDIO-from_mp3_09_R1_2015_wav--2.midi,{maestro}/2015/MIDI-Unprocessed_R1_D1-9-12_mid--AUDIO-from_mp3_09_R1_2015_wav--2.wav,463.5895833333333,,Beethoven/Piano_Sonatas/3-2/MiyashitaM04M.wav,1.0,2,Beethoven/Piano_Sonatas/3-2/MiyashitaM04M.match
Beethoven,Piano_Sonatas_5-1,Beethoven/Piano_Sonatas/5-1,Beethoven/Piano_Sonatas/5-1/xml_score.musicxml,Beethoven/Piano_Sonatas/5-1/midi_score.mid,Beethoven/Piano_Sonatas/5-1/SunD02M.mid,Beethoven/Piano_Sonatas/5-1/SunD02M_annotations.txt,Beethoven/Piano_Sonatas/5-1/midi_score_annotations.txt,{maestro}/2015/MIDI-Unprocessed_R1_D2-13-20_mid--AUDIO-from_mp3_16_R1_2015_wav--2.midi,{maestro}/2015/MIDI-Unprocessed_R1_D2-13-20_mid--AUDIO-from_mp3_16_R1_2015_wav--2.wav,,,Beethoven/Piano_Sonatas/5-1/SunD02M.wav,1.0,3,Beethoven/Piano_Sonatas/5-1/SunD02M.match
Beethoven,Piano_Sonatas_8-3,Beethoven/Piano_Sonatas/8-3,Beethoven/Piano_Sonatas/8-3/xml_score.musicxml,Beethoven/Piano_Sonatas/8-3/midi_score.mid,Beethoven/Piano_Sonatas/8-3/Na06M.mid,Beethoven/Piano_Sonatas/8-3/Na06M_annotations.txt,Beethoven/Piano_Sonatas/8-3/midi_score_annotations.txt,{maestro}/2009/MIDI-Unprocessed_09_R1_2009_01-04_ORIG_MID--AUDIO_09_R1_2009_09_R1_2009_03_WAV.midi,{maestro}/2009/MIDI-Unprocessed_09_R1_2009_01-04_ORIG_MID--AUDIO_09_R1_2009_09_R1_2009_03_WAV.wav,663.1015625,,Beethoven/Piano_Sonatas/8-3/Na06M.wav,1.0,3,Beethoven/Piano_Sonatas/8-3/Na06M.match
Beethoven,Piano_Sonatas_9-3,Beethoven/Piano_Sonatas/9-3,Beethoven/Piano_Sonatas/9-3/xml_score.musicxml,Beethoven/Piano_Sonatas/9-3/midi_score.mid,Beethoven/Piano_Sonatas/9-3/Tysman05M.mid,Beethoven/Piano_Sonatas/9-3/Tysman05M_annotations.txt,Beethoven/Piano_Sonatas/9-3/midi_score_annotations.txt,{maestro}/2009/MIDI-Unprocessed_17_R1_2009_01-03_ORIG_MID--AUDIO_17_R1_2009_17_R1_2009_01_WAV.midi,{maestro}/2009/MIDI-Unprocessed_17_R1_2009_01-03_ORIG_MID--AUDIO_17_R1_2009_17_R1_2009_01_WAV.wav,560.5104166666666,,Beethoven/Piano_Sonatas/9-3/Tysman05M.wav,1.0,2,Beethoven/Piano_Sonatas/9-3/Tysman05M.match
Chopin,Etudes_op_10_12,Chopin/Etudes_op_10/12,Chopin/Etudes_op_10/12/xml_score.musicxml,Chopin/Etudes_op_10/12/midi_score.mid,Chopin/Etudes_op_10/12/Bult-ItoS04M.mid,Chopin/Etudes_op_10/12/Bult-ItoS04M_annotations.txt,Chopin/Etudes_op_10/12/midi_score_annotations.txt,{maestro}/2015/MIDI-Unprocessed_R1_D1-1-8_mid--AUDIO-from_mp3_05_R1_2015_wav--4.midi,{maestro}/2015/MIDI-Unprocessed_R1_D1-1-8_mid--AUDIO-from_mp3_05_R1_2015_wav--4.wav,,,Chopin/Etudes_op_10/12/Bult-ItoS04M.wav,1.0,3,Chopin/Etudes_op_10/12/Bult-ItoS04M.match
Chopin,Etudes_op_10_12,Chopin/Etudes_op_10/12,Chopin/Etudes_op_10/12/xml_score.musicxml,Chopin/Etudes_op_10/12/midi_score.mid,Chopin/Etudes_op_10/12/HuNY03M.mid,Chopin/Etudes_op_10/12/HuNY03M_annotations.txt,Chopin/Etudes_op_10/12/midi_score_annotations.txt,{maestro}/2015/MIDI-Unprocessed_R1_D2-21-22_mid--AUDIO-from_mp3_22_R1_2015_wav--3.midi,{maestro}/2015/MIDI-Unprocessed_R1_D2-21-22_mid--AUDIO-from_mp3_22_R1_2015_wav--3.wav,,,Chopin/Etudes_op_10/12/HuNY03M.wav,1.0,3,Chopin/Etudes_op_10/12/HuNY03M.match
Chopin,Etudes_op_10_12,Chopin/Etudes_op_10/12,Chopin/Etudes_op_10/12/xml_score.musicxml,Chopin/Etudes_op_10/12/midi_score.mid,Chopin/Etudes_op_10/12/LuoJ08M.mid,Chopin/Etudes_op_10/12/LuoJ08M_annotations.txt,Chopin/Etudes_op_10/12/midi_score_annotations.txt,{maestro}/2015/MIDI-Unprocessed_R1_D1-1-8_mid--AUDIO-from_mp3_06_R1_2015_wav--6.midi,{maestro}/2015/MIDI-Unprocessed_R1_D1-1-8_mid--AUDIO-from_mp3_06_R1_2015_wav--6.wav,,,Chopin/Etudes_op_10/12/LuoJ08M.wav,1.0,3,Chopin/Etudes_op_10/12/LuoJ08M.match
Chopin,Etudes_op_10_12,Chopin/Etudes_op_10/12,Chopin/Etudes_op_10/12/xml_score.musicxml,Chopin/Etudes_op_10/12/midi_score.mid,Chopin/Etudes_op_10/12/WuuE06M.mid,Chopin/Etudes_op_10/12/WuuE06M_annotations.txt,Chopin/Etudes_op_10/12/midi_score_annotations.txt,{maestro}/2015/MIDI-Unprocessed_R1_D1-9-12_mid--AUDIO-from_mp3_11_R1_2015_wav--3.midi,{maestro}/2015/MIDI-Unprocessed_R1_D1-9-12_mid--AUDIO-from_mp3_11_R1_2015_wav--3.wav,,,Chopin/Etudes_op_10/12/WuuE06M.wav,1.0,3,Chopin/Etudes_op_10/12/WuuE06M.match
Chopin,Etudes_op_10_12,Chopin/Etudes_op_10/12,Chopin/Etudes_op_10/12/xml_score.musicxml,Chopin/Etudes_op_10/12/midi_score.mid,Chopin/Etudes_op_10/12/ZhangYunling02M.mid,Chopin/Etudes_op_10/12/ZhangYunling02M_annotations.txt,Chopin/Etudes_op_10/12/midi_score_annotations.txt,{maestro}/2011/MIDI-Unprocessed_07_R1_2011_MID--AUDIO_R1-D3_03_Track03_wav.midi,{maestro}/2011/MIDI-Unprocessed_07_R1_2011_MID--AUDIO_R1-D3_03_Track03_wav.wav,,,Chopin/Etudes_op_10/12/ZhangYunling02M.wav,1.0,3,Chopin/Etudes_op_10/12/ZhangYunling02M.match
Liszt,Transcendental_Etudes_10,Liszt/Transcendental_Etudes/10,Liszt/Transcendental_Etudes/10/xml_score.musicxml,Liszt/Transcendental_Etudes/10/midi_score.mid,Liszt/Transcendental_Etudes/10/Huang17M.mid,Liszt/Transcendental_Etudes/10/Huang17M_annotations.txt,Liszt/Transcendental_Etudes/10/midi_score_annotations.txt,{maestro}/2008/MIDI-Unprocessed_04_R3_2008_01-07_ORIG_MID--AUDIO_04_R3_2008_wav--6.midi,{maestro}/2008/MIDI-Unprocessed_04_R3_2008_01-07_ORIG_MID--AUDIO_04_R3_2008_wav--6.wav,,,Liszt/Transcendental_Etudes/10/Huang17M.wav,1.0,3,Liszt/Transcendental_Etudes/10/Huang17M.match
Liszt,Transcendental_Etudes_10,Liszt/Transcendental_Etudes/10,Liszt/Transcendental_Etudes/10/xml_score.musicxml,Liszt/Transcendental_Etudes/10/midi_score.mid,Liszt/Transcendental_Etudes/10/LeungM06M.mid,Liszt/Transcendental_Etudes/10/LeungM06M_annotations.txt,Liszt/Transcendental_Etudes/10/midi_score_annotations.txt,{maestro}/2018/MIDI-Unprocessed_Recital17-19_MID--AUDIO_19_R1_2018_wav--3.midi,{maestro}/2018/MIDI-Unprocessed_Recital17-19_MID--AUDIO_19_R1_2018_wav--3.wav,,,Liszt/Transcendental_Etudes/10/LeungM06M.wav,1.0,3,Liszt/Transcendental_Etudes/10/LeungM06M.match
Rachmaninoff,Preludes_op_23_6,Rachmaninoff/Preludes_op_23/6,Rachmaninoff/Preludes_op_23/6/xml_score.musicxml,Rachmaninoff/Preludes_op_23/6/midi_score.mid,Rachmaninoff/Preludes_op_23/6/Nikiforov14M.mid,Rachmaninoff/Preludes_op_23/6/Nikiforov14M_annotations.txt,Rachmaninoff/Preludes_op_23/6/midi_score_annotations.txt,{maestro}/2008/MIDI-Unprocessed_12_R3_2008_01-04_ORIG_MID--AUDIO_12_R3_2008_wav--3.midi,{maestro}/2008/MIDI-Unprocessed_12_R3_2008_01-04_ORIG_MID--AUDIO_12_R3_2008_wav--3.wav,,,Rachmaninoff/Preludes_op_23/6/Nikiforov14M.wav,1.0,3,Rachmaninoff/Preludes_op_23/6/Nikiforov14M.match
Schumann,Toccata,Schumann/Toccata,Schumann/Toccata/xml_score.musicxml,Schumann/Toccata/midi_score.mid,Schumann/Toccata/DupreeF13M.mid,Schumann/Toccata/DupreeF13M_annotations.txt,Schumann/Toccata/midi_score_annotations.txt,{maestro}/2014/MIDI-UNPROCESSED_19-20_R1_2014_MID--AUDIO_19_R1_2014_wav--8.midi,{maestro}/2014/MIDI-UNPROCESSED_19-20_R1_2014_MID--AUDIO_19_R1_2014_wav--8.wav,,,Schumann/Toccata/DupreeF13M.wav,1.0,3,Schumann/Toccata/DupreeF13M.match
Schumann,Toccata_repeat,Schumann/Toccata_repeat,Schumann/Toccata_repeat/xml_score.musicxml,Schumann/Toccata_repeat/midi_score.mid,Schumann/Toccata_repeat/WangY07M.mid,Schumann/Toccata_repeat/WangY07M_annotations.txt,Schumann/Toccata_repeat/midi_score_annotations.txt,{maestro}/2014/MIDI-UNPROCESSED_11-13_R1_2014_MID--AUDIO_13_R1_2014_wav--4.midi,{maestro}/2014/MIDI-UNPROCESSED_11-13_R1_2014_MID--AUDIO_13_R1_2014_wav--4.wav,,,Schumann/Toccata_repeat/WangY07M.wav,1.0,3,Schumann/Toccata_repeat/WangY07M.match
