,composer,title,xml_score,midi_score,midi_performance,performance_annotations,midi_score_annotations,audio_performance,difficulty,match
0,Chopin,Chopin_op10_no3,musicxml/Chopin_op10_no3.musicxml,score_midi/Chopin_op10_no3.mid,midi/Chopin_op10_no3_p01.mid,performance_annots/Chopin_op10_no3_p01.tsv,score_annots/Chopin_op10_no3.tsv,audio/Chopin_Etude/Chopin_op10_no3_p01.wav,1,match/Chopin_op10_no3_p01.match
1,Chopin,Chopin_op10_no3,musicxml/Chopin_op10_no3.musicxml,score_midi/Chopin_op10_no3.mid,midi/Chopin_op10_no3_p02.mid,performance_annots/Chopin_op10_no3_p02.tsv,score_annots/Chopin_op10_no3.tsv,audio/Chopin_Etude/Chopin_op10_no3_p02.wav,1,match/Chopin_op10_no3_p02.match
2,Chopin,Chopin_op10_no3,musicxml/Chopin_op10_no3.musicxml,score_midi/Chopin_op10_no3.mid,midi/Chopin_op10_no3_p03.mid,performance_annots/Chopin_op10_no3_p03.tsv,score_annots/Chopin_op10_no3.tsv,audio/Chopin_Etude/Chopin_op10_no3_p03.wav,1,match/Chopin_op10_no3_p03.match
3,Chopin,Chopin_op10_no3,musicxml/Chopin_op10_no3.musicxml,score_midi/Chopin_op10_no3.mid,midi/Chopin_op10_no3_p04.mid,performance_annots/Chopin_op10_no3_p04.tsv,score_annots/Chopin_op10_no3.tsv,audio/Chopin_Etude/Chopin_op10_no3_p04.wav,1,match/Chopin_op10_no3_p04.match
4,Chopin,Chopin_op10_no3,musicxml/Chopin_op10_no3.musicxml,score_midi/Chopin_op10_no3.mid,midi/Chopin_op10_no3_p05.mid,performance_annots/Chopin_op10_no3_p05.tsv,score_annots/Chopin_op10_no3.tsv,audio/Chopin_Etude/Chopin_op10_no3_p05.wav,1,match/Chopin_op10_no3_p05.match
5,Chopin,Chopin_op10_no3,musicxml/Chopin_op10_no3.musicxml,score_midi/Chopin_op10_no3.mid,midi/Chopin_op10_no3_p06.mid,performance_annots/Chopin_op10_no3_p06.tsv,score_annots/Chopin_op10_no3.tsv,audio/Chopin_Etude/Chopin_op10_no3_p06.wav,1,match/Chopin_op10_no3_p06.match
7,Chopin,Chopin_op10_no3,musicxml/Chopin_op10_no3.musicxml,score_midi/Chopin_op10_no3.mid,midi/Chopin_op10_no3_p08.mid,performance_annots/Chopin_op10_no3_p08.tsv,score_annots/Chopin_op10_no3.tsv,audio/Chopin_Etude/Chopin_op10_no3_p08.wav,1,match/Chopin_op10_no3_p08.match
8,Chopin,Chopin_op10_no3,musicxml/Chopin_op10_no3.musicxml,score_midi/Chopin_op10_no3.mid,midi/Chopin_op10_no3_p09.mid,performance_annots/Chopin_op10_no3_p09.tsv,score_annots/Chopin_op10_no3.tsv,audio/Chopin_Etude/Chopin_op10_no3_p09.wav,1,match/Chopin_op10_no3_p09.match
9,Chopin,Chopin_op10_no3,musicxml/Chopin_op10_no3.musicxml,score_midi/Chopin_op10_no3.mid,midi/Chopin_op10_no3_p10.mid,performance_annots/Chopin_op10_no3_p10.tsv,score_annots/Chopin_op10_no3.tsv,audio/Chopin_Etude/Chopin_op10_no3_p10.wav,1,match/Chopin_op10_no3_p10.match
10,Chopin,Chopin_op10_no3,musicxml/Chopin_op10_no3.musicxml,score_midi/Chopin_op10_no3.mid,midi/Chopin_op10_no3_p11.mid,performance_annots/Chopin_op10_no3_p11.tsv,score_annots/Chopin_op10_no3.tsv,audio/Chopin_Etude/Chopin_op10_no3_p11.wav,1,match/Chopin_op10_no3_p11.match
11,Chopin,Chopin_op10_no3,musicxml/Chopin_op10_no3.musicxml,score_midi/Chopin_op10_no3.mid,midi/Chopin_op10_no3_p12.mid,performance_annots/Chopin_op10_no3_p12.tsv,score_annots/Chopin_op10_no3.tsv,audio/Chopin_Etude/Chopin_op10_no3_p12.wav,1,match/Chopin_op10_no3_p12.match
12,Chopin,Chopin_op10_no3,musicxml/Chopin_op10_no3.musicxml,score_midi/Chopin_op10_no3.mid,midi/Chopin_op10_no3_p13.mid,performance_annots/Chopin_op10_no3_p13.tsv,score_annots/Chopin_op10_no3.tsv,audio/Chopin_Etude/Chopin_op10_no3_p13.wav,1,match/Chopin_op10_no3_p13.match
13,Chopin,Chopin_op10_no3,musicxml/Chopin_op10_no3.musicxml,score_midi/Chopin_op10_no3.mid,midi/Chopin_op10_no3_p14.mid,performance_annots/Chopin_op10_no3_p14.tsv,score_annots/Chopin_op10_no3.tsv,audio/Chopin_Etude/Chopin_op10_no3_p14.wav,1,match/Chopin_op10_no3_p14.match
14,Chopin,Chopin_op10_no3,musicxml/Chopin_op10_no3.musicxml,score_midi/Chopin_op10_no3.mid,midi/Chopin_op10_no3_p15.mid,performance_annots/Chopin_op10_no3_p15.tsv,score_annots/Chopin_op10_no3.tsv,audio/Chopin_Etude/Chopin_op10_no3_p15.wav,1,match/Chopin_op10_no3_p15.match
15,Chopin,Chopin_op10_no3,musicxml/Chopin_op10_no3.musicxml,score_midi/Chopin_op10_no3.mid,midi/Chopin_op10_no3_p16.mid,performance_annots/Chopin_op10_no3_p16.tsv,score_annots/Chopin_op10_no3.tsv,audio/Chopin_Etude/Chopin_op10_no3_p16.wav,1,match/Chopin_op10_no3_p16.match
16,Chopin,Chopin_op10_no3,musicxml/Chopin_op10_no3.musicxml,score_midi/Chopin_op10_no3.mid,midi/Chopin_op10_no3_p17.mid,performance_annots/Chopin_op10_no3_p17.tsv,score_annots/Chopin_op10_no3.tsv,audio/Chopin_Etude/Chopin_op10_no3_p17.wav,1,match/Chopin_op10_no3_p17.match
17,Chopin,Chopin_op10_no3,musicxml/Chopin_op10_no3.musicxml,score_midi/Chopin_op10_no3.mid,midi/Chopin_op10_no3_p18.mid,performance_annots/Chopin_op10_no3_p18.tsv,score_annots/Chopin_op10_no3.tsv,audio/Chopin_Etude/Chopin_op10_no3_p18.wav,1,match/Chopin_op10_no3_p18.match
18,Chopin,Chopin_op10_no3,musicxml/Chopin_op10_no3.musicxml,score_midi/Chopin_op10_no3.mid,midi/Chopin_op10_no3_p19.mid,performance_annots/Chopin_op10_no3_p19.tsv,score_annots/Chopin_op10_no3.tsv,audio/Chopin_Etude/Chopin_op10_no3_p19.wav,1,match/Chopin_op10_no3_p19.match
19,Chopin,Chopin_op10_no3,musicxml/Chopin_op10_no3.musicxml,score_midi/Chopin_op10_no3.mid,midi/Chopin_op10_no3_p20.mid,performance_annots/Chopin_op10_no3_p20.tsv,score_annots/Chopin_op10_no3.tsv,audio/Chopin_Etude/Chopin_op10_no3_p20.wav,1,match/Chopin_op10_no3_p20.match
20,Chopin,Chopin_op10_no3,musicxml/Chopin_op10_no3.musicxml,score_midi/Chopin_op10_no3.mid,midi/Chopin_op10_no3_p21.mid,performance_annots/Chopin_op10_no3_p21.tsv,score_annots/Chopin_op10_no3.tsv,audio/Chopin_Etude/Chopin_op10_no3_p21.wav,1,match/Chopin_op10_no3_p21.match
21,Chopin,Chopin_op10_no3,musicxml/Chopin_op10_no3.musicxml,score_midi/Chopin_op10_no3.mid,midi/Chopin_op10_no3_p22.mid,performance_annots/Chopin_op10_no3_p22.tsv,score_annots/Chopin_op10_no3.tsv,audio/Chopin_Etude/Chopin_op10_no3_p22.wav,1,match/Chopin_op10_no3_p22.match
22,Chopin,Chopin_op38,musicxml/Chopin_op38.musicxml,score_midi/Chopin_op38.mid,midi/Chopin_op38_p01.mid,performance_annots/Chopin_op38_p01.tsv,score_annots/Chopin_op38.tsv,audio/Chopin_Ballade/Chopin_op38_p01.wav,1,match/Chopin_op38_p01.match
23,Chopin,Chopin_op38,musicxml/Chopin_op38.musicxml,score_midi/Chopin_op38.mid,midi/Chopin_op38_p02.mid,performance_annots/Chopin_op38_p02.tsv,score_annots/Chopin_op38.tsv,audio/Chopin_Ballade/Chopin_op38_p02.wav,1,match/Chopin_op38_p02.match
24,Chopin,Chopin_op38,musicxml/Chopin_op38.musicxml,score_midi/Chopin_op38.mid,midi/Chopin_op38_p03.mid,performance_annots/Chopin_op38_p03.tsv,score_annots/Chopin_op38.tsv,audio/Chopin_Ballade/Chopin_op38_p03.wav,1,match/Chopin_op38_p03.match
25,Chopin,Chopin_op38,musicxml/Chopin_op38.musicxml,score_midi/Chopin_op38.mid,midi/Chopin_op38_p04.mid,performance_annots/Chopin_op38_p04.tsv,score_annots/Chopin_op38.tsv,audio/Chopin_Ballade/Chopin_op38_p04.wav,1,match/Chopin_op38_p04.match
26,Chopin,Chopin_op38,musicxml/Chopin_op38.musicxml,score_midi/Chopin_op38.mid,midi/Chopin_op38_p05.mid,performance_annots/Chopin_op38_p05.tsv,score_annots/Chopin_op38.tsv,audio/Chopin_Ballade/Chopin_op38_p05.wav,1,match/Chopin_op38_p05.match
27,Chopin,Chopin_op38,musicxml/Chopin_op38.musicxml,score_midi/Chopin_op38.mid,midi/Chopin_op38_p06.mid,performance_annots/Chopin_op38_p06.tsv,score_annots/Chopin_op38.tsv,audio/Chopin_Ballade/Chopin_op38_p06.wav,1,match/Chopin_op38_p06.match
28,Chopin,Chopin_op38,musicxml/Chopin_op38.musicxml,score_midi/Chopin_op38.mid,midi/Chopin_op38_p07.mid,performance_annots/Chopin_op38_p07.tsv,score_annots/Chopin_op38.tsv,audio/Chopin_Ballade/Chopin_op38_p07.wav,1,match/Chopin_op38_p07.match
29,Chopin,Chopin_op38,musicxml/Chopin_op38.musicxml,score_midi/Chopin_op38.mid,midi/Chopin_op38_p08.mid,performance_annots/Chopin_op38_p08.tsv,score_annots/Chopin_op38.tsv,audio/Chopin_Ballade/Chopin_op38_p08.wav,1,match/Chopin_op38_p08.match
30,Chopin,Chopin_op38,musicxml/Chopin_op38.musicxml,score_midi/Chopin_op38.mid,midi/Chopin_op38_p09.mid,performance_annots/Chopin_op38_p09.tsv,score_annots/Chopin_op38.tsv,audio/Chopin_Ballade/Chopin_op38_p09.wav,1,match/Chopin_op38_p09.match
31,Chopin,Chopin_op38,musicxml/Chopin_op38.musicxml,score_midi/Chopin_op38.mid,midi/Chopin_op38_p10.mid,performance_annots/Chopin_op38_p10.tsv,score_annots/Chopin_op38.tsv,audio/Chopin_Ballade/Chopin_op38_p10.wav,1,match/Chopin_op38_p10.match
32,Chopin,Chopin_op38,musicxml/Chopin_op38.musicxml,score_midi/Chopin_op38.mid,midi/Chopin_op38_p11.mid,performance_annots/Chopin_op38_p11.tsv,score_annots/Chopin_op38.tsv,audio/Chopin_Ballade/Chopin_op38_p11.wav,1,match/Chopin_op38_p11.match
33,Chopin,Chopin_op38,musicxml/Chopin_op38.musicxml,score_midi/Chopin_op38.mid,midi/Chopin_op38_p12.mid,performance_annots/Chopin_op38_p12.tsv,score_annots/Chopin_op38.tsv,audio/Chopin_Ballade/Chopin_op38_p12.wav,1,match/Chopin_op38_p12.match
34,Chopin,Chopin_op38,musicxml/Chopin_op38.musicxml,score_midi/Chopin_op38.mid,midi/Chopin_op38_p13.mid,performance_annots/Chopin_op38_p13.tsv,score_annots/Chopin_op38.tsv,audio/Chopin_Ballade/Chopin_op38_p13.wav,1,match/Chopin_op38_p13.match
35,Chopin,Chopin_op38,musicxml/Chopin_op38.musicxml,score_midi/Chopin_op38.mid,midi/Chopin_op38_p14.mid,performance_annots/Chopin_op38_p14.tsv,score_annots/Chopin_op38.tsv,audio/Chopin_Ballade/Chopin_op38_p14.wav,1,match/Chopin_op38_p14.match
36,Chopin,Chopin_op38,musicxml/Chopin_op38.musicxml,score_midi/Chopin_op38.mid,midi/Chopin_op38_p15.mid,performance_annots/Chopin_op38_p15.tsv,score_annots/Chopin_op38.tsv,audio/Chopin_Ballade/Chopin_op38_p15.wav,1,match/Chopin_op38_p15.match
37,Chopin,Chopin_op38,musicxml/Chopin_op38.musicxml,score_midi/Chopin_op38.mid,midi/Chopin_op38_p16.mid,performance_annots/Chopin_op38_p16.tsv,score_annots/Chopin_op38.tsv,audio/Chopin_Ballade/Chopin_op38_p16.wav,1,match/Chopin_op38_p16.match
38,Chopin,Chopin_op38,musicxml/Chopin_op38.musicxml,score_midi/Chopin_op38.mid,midi/Chopin_op38_p17.mid,performance_annots/Chopin_op38_p17.tsv,score_annots/Chopin_op38.tsv,audio/Chopin_Ballade/Chopin_op38_p17.wav,1,match/Chopin_op38_p17.match
39,Chopin,Chopin_op38,musicxml/Chopin_op38.musicxml,score_midi/Chopin_op38.mid,midi/Chopin_op38_p18.mid,performance_annots/Chopin_op38_p18.tsv,score_annots/Chopin_op38.tsv,audio/Chopin_Ballade/Chopin_op38_p18.wav,1,match/Chopin_op38_p18.match
40,Chopin,Chopin_op38,musicxml/Chopin_op38.musicxml,score_midi/Chopin_op38.mid,midi/Chopin_op38_p19.mid,performance_annots/Chopin_op38_p19.tsv,score_annots/Chopin_op38.tsv,audio/Chopin_Ballade/Chopin_op38_p19.wav,1,match/Chopin_op38_p19.match
42,Chopin,Chopin_op38,musicxml/Chopin_op38.musicxml,score_midi/Chopin_op38.mid,midi/Chopin_op38_p21.mid,performance_annots/Chopin_op38_p21.tsv,score_annots/Chopin_op38.tsv,audio/Chopin_Ballade/Chopin_op38_p21.wav,1,match/Chopin_op38_p21.match
43,Chopin,Chopin_op38,musicxml/Chopin_op38.musicxml,score_midi/Chopin_op38.mid,midi/Chopin_op38_p22.mid,performance_annots/Chopin_op38_p22.tsv,score_annots/Chopin_op38.tsv,audio/Chopin_Ballade/Chopin_op38_p22.wav,1,match/Chopin_op38_p22.match
44,Mozart,Mozart_K331_1st-mov,musicxml/Mozart_K331_1st-mov.musicxml,score_midi/Mozart_K331_1st-mov.mid,midi/Mozart_K331_1st-mov_p01.mid,performance_annots/Mozart_K331_1st-mov_p01.tsv,score_annots/Mozart_K331_1st-mov.tsv,audio/Mozart/Mozart_K331_1st-mov_p01.wav,1,match/Mozart_K331_1st-mov_p01.match
45,Mozart,Mozart_K331_1st-mov,musicxml/Mozart_K331_1st-mov.musicxml,score_midi/Mozart_K331_1st-mov.mid,midi/Mozart_K331_1st-mov_p02.mid,performance_annots/Mozart_K331_1st-mov_p02.tsv,score_annots/Mozart_K331_1st-mov.tsv,audio/Mozart/Mozart_K331_1st-mov_p02.wav,1,match/Mozart_K331_1st-mov_p02.match
46,Mozart,Mozart_K331_1st-mov,musicxml/Mozart_K331_1st-mov.musicxml,score_midi/Mozart_K331_1st-mov.mid,midi/Mozart_K331_1st-mov_p03.mid,performance_annots/Mozart_K331_1st-mov_p03.tsv,score_annots/Mozart_K331_1st-mov.tsv,audio/Mozart/Mozart_K331_1st-mov_p03.wav,1,match/Mozart_K331_1st-mov_p03.match
47,Mozart,Mozart_K331_1st-mov,musicxml/Mozart_K331_1st-mov.musicxml,score_midi/Mozart_K331_1st-mov.mid,midi/Mozart_K331_1st-mov_p04.mid,performance_annots/Mozart_K331_1st-mov_p04.tsv,score_annots/Mozart_K331_1st-mov.tsv,audio/Mozart/Mozart_K331_1st-mov_p04.wav,1,match/Mozart_K331_1st-mov_p04.match
48,Mozart,Mozart_K331_1st-mov,musicxml/Mozart_K331_1st-mov.musicxml,score_midi/Mozart_K331_1st-mov.mid,midi/Mozart_K331_1st-mov_p05.mid,performance_annots/Mozart_K331_1st-mov_p05.tsv,score_annots/Mozart_K331_1st-mov.tsv,audio/Mozart/Mozart_K331_1st-mov_p05.wav,1,match/Mozart_K331_1st-mov_p05.match
49,Mozart,Mozart_K331_1st-mov,musicxml/Mozart_K331_1st-mov.musicxml,score_midi/Mozart_K331_1st-mov.mid,midi/Mozart_K331_1st-mov_p06.mid,performance_annots/Mozart_K331_1st-mov_p06.tsv,score_annots/Mozart_K331_1st-mov.tsv,audio/Mozart/Mozart_K331_1st-mov_p06.wav,1,match/Mozart_K331_1st-mov_p06.match
50,Mozart,Mozart_K331_1st-mov,musicxml/Mozart_K331_1st-mov.musicxml,score_midi/Mozart_K331_1st-mov.mid,midi/Mozart_K331_1st-mov_p07.mid,performance_annots/Mozart_K331_1st-mov_p07.tsv,score_annots/Mozart_K331_1st-mov.tsv,audio/Mozart/Mozart_K331_1st-mov_p07.wav,1,match/Mozart_K331_1st-mov_p07.match
51,Mozart,Mozart_K331_1st-mov,musicxml/Mozart_K331_1st-mov.musicxml,score_midi/Mozart_K331_1st-mov.mid,midi/Mozart_K331_1st-mov_p08.mid,performance_annots/Mozart_K331_1st-mov_p08.tsv,score_annots/Mozart_K331_1st-mov.tsv,audio/Mozart/Mozart_K331_1st-mov_p08.wav,1,match/Mozart_K331_1st-mov_p08.match
52,Mozart,Mozart_K331_1st-mov,musicxml/Mozart_K331_1st-mov.musicxml,score_midi/Mozart_K331_1st-mov.mid,midi/Mozart_K331_1st-mov_p09.mid,performance_annots/Mozart_K331_1st-mov_p09.tsv,score_annots/Mozart_K331_1st-mov.tsv,audio/Mozart/Mozart_K331_1st-mov_p09.wav,1,match/Mozart_K331_1st-mov_p09.match
53,Mozart,Mozart_K331_1st-mov,musicxml/Mozart_K331_1st-mov.musicxml,score_midi/Mozart_K331_1st-mov.mid,midi/Mozart_K331_1st-mov_p10.mid,performance_annots/Mozart_K331_1st-mov_p10.tsv,score_annots/Mozart_K331_1st-mov.tsv,audio/Mozart/Mozart_K331_1st-mov_p10.wav,1,match/Mozart_K331_1st-mov_p10.match
54,Mozart,Mozart_K331_1st-mov,musicxml/Mozart_K331_1st-mov.musicxml,score_midi/Mozart_K331_1st-mov.mid,midi/Mozart_K331_1st-mov_p11.mid,performance_annots/Mozart_K331_1st-mov_p11.tsv,score_annots/Mozart_K331_1st-mov.tsv,audio/Mozart/Mozart_K331_1st-mov_p11.wav,1,match/Mozart_K331_1st-mov_p11.match
55,Mozart,Mozart_K331_1st-mov,musicxml/Mozart_K331_1st-mov.musicxml,score_midi/Mozart_K331_1st-mov.mid,midi/Mozart_K331_1st-mov_p12.mid,performance_annots/Mozart_K331_1st-mov_p12.tsv,score_annots/Mozart_K331_1st-mov.tsv,audio/Mozart/Mozart_K331_1st-mov_p12.wav,1,match/Mozart_K331_1st-mov_p12.match
57,Mozart,Mozart_K331_1st-mov,musicxml/Mozart_K331_1st-mov.musicxml,score_midi/Mozart_K331_1st-mov.mid,midi/Mozart_K331_1st-mov_p14.mid,performance_annots/Mozart_K331_1st-mov_p14.tsv,score_annots/Mozart_K331_1st-mov.tsv,audio/Mozart/Mozart_K331_1st-mov_p14.wav,1,match/Mozart_K331_1st-mov_p14.match
58,Mozart,Mozart_K331_1st-mov,musicxml/Mozart_K331_1st-mov.musicxml,score_midi/Mozart_K331_1st-mov.mid,midi/Mozart_K331_1st-mov_p15.mid,performance_annots/Mozart_K331_1st-mov_p15.tsv,score_annots/Mozart_K331_1st-mov.tsv,audio/Mozart/Mozart_K331_1st-mov_p15.wav,1,match/Mozart_K331_1st-mov_p15.match
59,Mozart,Mozart_K331_1st-mov,musicxml/Mozart_K331_1st-mov.musicxml,score_midi/Mozart_K331_1st-mov.mid,midi/Mozart_K331_1st-mov_p16.mid,performance_annots/Mozart_K331_1st-mov_p16.tsv,score_annots/Mozart_K331_1st-mov.tsv,audio/Mozart/Mozart_K331_1st-mov_p16.wav,1,match/Mozart_K331_1st-mov_p16.match
60,Mozart,Mozart_K331_1st-mov,musicxml/Mozart_K331_1st-mov.musicxml,score_midi/Mozart_K331_1st-mov.mid,midi/Mozart_K331_1st-mov_p17.mid,performance_annots/Mozart_K331_1st-mov_p17.tsv,score_annots/Mozart_K331_1st-mov.tsv,audio/Mozart/Mozart_K331_1st-mov_p17.wav,1,match/Mozart_K331_1st-mov_p17.match
61,Mozart,Mozart_K331_1st-mov,musicxml/Mozart_K331_1st-mov.musicxml,score_midi/Mozart_K331_1st-mov.mid,midi/Mozart_K331_1st-mov_p18.mid,performance_annots/Mozart_K331_1st-mov_p18.tsv,score_annots/Mozart_K331_1st-mov.tsv,audio/Mozart/Mozart_K331_1st-mov_p18.wav,1,match/Mozart_K331_1st-mov_p18.match
62,Mozart,Mozart_K331_1st-mov,musicxml/Mozart_K331_1st-mov.musicxml,score_midi/Mozart_K331_1st-mov.mid,midi/Mozart_K331_1st-mov_p19.mid,performance_annots/Mozart_K331_1st-mov_p19.tsv,score_annots/Mozart_K331_1st-mov.tsv,audio/Mozart/Mozart_K331_1st-mov_p19.wav,1,match/Mozart_K331_1st-mov_p19.match
63,Mozart,Mozart_K331_1st-mov,musicxml/Mozart_K331_1st-mov.musicxml,score_midi/Mozart_K331_1st-mov.mid,midi/Mozart_K331_1st-mov_p20.mid,performance_annots/Mozart_K331_1st-mov_p20.tsv,score_annots/Mozart_K331_1st-mov.tsv,audio/Mozart/Mozart_K331_1st-mov_p20.wav,1,match/Mozart_K331_1st-mov_p20.match
64,Mozart,Mozart_K331_1st-mov,musicxml/Mozart_K331_1st-mov.musicxml,score_midi/Mozart_K331_1st-mov.mid,midi/Mozart_K331_1st-mov_p21.mid,performance_annots/Mozart_K331_1st-mov_p21.tsv,score_annots/Mozart_K331_1st-mov.tsv,audio/Mozart/Mozart_K331_1st-mov_p21.wav,1,match/Mozart_K331_1st-mov_p21.match
65,Mozart,Mozart_K331_1st-mov,musicxml/Mozart_K331_1st-mov.musicxml,score_midi/Mozart_K331_1st-mov.mid,midi/Mozart_K331_1st-mov_p22.mid,performance_annots/Mozart_K331_1st-mov_p22.tsv,score_annots/Mozart_K331_1st-mov.tsv,audio/Mozart/Mozart_K331_1st-mov_p22.wav,1,match/Mozart_K331_1st-mov_p22.match
66,Schubert,Schubert_D783_no15,musicxml/Schubert_D783_no15.musicxml,score_midi/Schubert_D783_no15.mid,midi/Schubert_D783_no15_p01.mid,performance_annots/Schubert_D783_no15_p01.tsv,score_annots/Schubert_D783_no15.tsv,audio/Schubert/Schubert_D783_no15_p01.wav,1,match/Schubert_D783_no15_p01.match
67,Schubert,Schubert_D783_no15,musicxml/Schubert_D783_no15.musicxml,score_midi/Schubert_D783_no15.mid,midi/Schubert_D783_no15_p02.mid,performance_annots/Schubert_D783_no15_p02.tsv,score_annots/Schubert_D783_no15.tsv,audio/Schubert/Schubert_D783_no15_p02.wav,1,match/Schubert_D783_no15_p02.match
68,Schubert,Schubert_D783_no15,musicxml/Schubert_D783_no15.musicxml,score_midi/Schubert_D783_no15.mid,midi/Schubert_D783_no15_p03.mid,performance_annots/Schubert_D783_no15_p03.tsv,score_annots/Schubert_D783_no15.tsv,audio/Schubert/Schubert_D783_no15_p03.wav,1,match/Schubert_D783_no15_p03.match
69,Schubert,Schubert_D783_no15,musicxml/Schubert_D783_no15.musicxml,score_midi/Schubert_D783_no15.mid,midi/Schubert_D783_no15_p04.mid,performance_annots/Schubert_D783_no15_p04.tsv,score_annots/Schubert_D783_no15.tsv,audio/Schubert/Schubert_D783_no15_p04.wav,1,match/Schubert_D783_no15_p04.match
70,Schubert,Schubert_D783_no15,musicxml/Schubert_D783_no15.musicxml,score_midi/Schubert_D783_no15.mid,midi/Schubert_D783_no15_p05.mid,performance_annots/Schubert_D783_no15_p05.tsv,score_annots/Schubert_D783_no15.tsv,audio/Schubert/Schubert_D783_no15_p05.wav,1,match/Schubert_D783_no15_p05.match
71,Schubert,Schubert_D783_no15,musicxml/Schubert_D783_no15.musicxml,score_midi/Schubert_D783_no15.mid,midi/Schubert_D783_no15_p06.mid,performance_annots/Schubert_D783_no15_p06.tsv,score_annots/Schubert_D783_no15.tsv,audio/Schubert/Schubert_D783_no15_p06.wav,1,match/Schubert_D783_no15_p06.match
72,Schubert,Schubert_D783_no15,musicxml/Schubert_D783_no15.musicxml,score_midi/Schubert_D783_no15.mid,midi/Schubert_D783_no15_p07.mid,performance_annots/Schubert_D783_no15_p07.tsv,score_annots/Schubert_D783_no15.tsv,audio/Schubert/Schubert_D783_no15_p07.wav,1,match/Schubert_D783_no15_p07.match
73,Schubert,Schubert_D783_no15,musicxml/Schubert_D783_no15.musicxml,score_midi/Schubert_D783_no15.mid,midi/Schubert_D783_no15_p08.mid,performance_annots/Schubert_D783_no15_p08.tsv,score_annots/Schubert_D783_no15.tsv,audio/Schubert/Schubert_D783_no15_p08.wav,1,match/Schubert_D783_no15_p08.match
74,Schubert,Schubert_D783_no15,musicxml/Schubert_D783_no15.musicxml,score_midi/Schubert_D783_no15.mid,midi/Schubert_D783_no15_p09.mid,performance_annots/Schubert_D783_no15_p09.tsv,score_annots/Schubert_D783_no15.tsv,audio/Schubert/Schubert_D783_no15_p09.wav,1,match/Schubert_D783_no15_p09.match
75,Schubert,Schubert_D783_no15,musicxml/Schubert_D783_no15.musicxml,score_midi/Schubert_D783_no15.mid,midi/Schubert_D783_no15_p10.mid,performance_annots/Schubert_D783_no15_p10.tsv,score_annots/Schubert_D783_no15.tsv,audio/Schubert/Schubert_D783_no15_p10.wav,1,match/Schubert_D783_no15_p10.match
76,Schubert,Schubert_D783_no15,musicxml/Schubert_D783_no15.musicxml,score_midi/Schubert_D783_no15.mid,midi/Schubert_D783_no15_p11.mid,performance_annots/Schubert_D783_no15_p11.tsv,score_annots/Schubert_D783_no15.tsv,audio/Schubert/Schubert_D783_no15_p11.wav,1,match/Schubert_D783_no15_p11.match
78,Schubert,Schubert_D783_no15,musicxml/Schubert_D783_no15.musicxml,score_midi/Schubert_D783_no15.mid,midi/Schubert_D783_no15_p13.mid,performance_annots/Schubert_D783_no15_p13.tsv,score_annots/Schubert_D783_no15.tsv,audio/Schubert/Schubert_D783_no15_p13.wav,1,match/Schubert_D783_no15_p13.match
79,Schubert,Schubert_D783_no15,musicxml/Schubert_D783_no15.musicxml,score_midi/Schubert_D783_no15.mid,midi/Schubert_D783_no15_p14.mid,performance_annots/Schubert_D783_no15_p14.tsv,score_annots/Schubert_D783_no15.tsv,audio/Schubert/Schubert_D783_no15_p14.wav,1,match/Schubert_D783_no15_p14.match
80,Schubert,Schubert_D783_no15,musicxml/Schubert_D783_no15.musicxml,score_midi/Schubert_D783_no15.mid,midi/Schubert_D783_no15_p15.mid,performance_annots/Schubert_D783_no15_p15.tsv,score_annots/Schubert_D783_no15.tsv,audio/Schubert/Schubert_D783_no15_p15.wav,1,match/Schubert_D783_no15_p15.match
81,Schubert,Schubert_D783_no15,musicxml/Schubert_D783_no15.musicxml,score_midi/Schubert_D783_no15.mid,midi/Schubert_D783_no15_p16.mid,performance_annots/Schubert_D783_no15_p16.tsv,score_annots/Schubert_D783_no15.tsv,audio/Schubert/Schubert_D783_no15_p16.wav,1,match/Schubert_D783_no15_p16.match
82,Schubert,Schubert_D783_no15,musicxml/Schubert_D783_no15.musicxml,score_midi/Schubert_D783_no15.mid,midi/Schubert_D783_no15_p17.mid,performance_annots/Schubert_D783_no15_p17.tsv,score_annots/Schubert_D783_no15.tsv,audio/Schubert/Schubert_D783_no15_p17.wav,1,match/Schubert_D783_no15_p17.match
83,Schubert,Schubert_D783_no15,musicxml/Schubert_D783_no15.musicxml,score_midi/Schubert_D783_no15.mid,midi/Schubert_D783_no15_p18.mid,performance_annots/Schubert_D783_no15_p18.tsv,score_annots/Schubert_D783_no15.tsv,audio/Schubert/Schubert_D783_no15_p18.wav,1,match/Schubert_D783_no15_p18.match
84,Schubert,Schubert_D783_no15,musicxml/Schubert_D783_no15.musicxml,score_midi/Schubert_D783_no15.mid,midi/Schubert_D783_no15_p19.mid,performance_annots/Schubert_D783_no15_p19.tsv,score_annots/Schubert_D783_no15.tsv,audio/Schubert/Schubert_D783_no15_p19.wav,1,match/Schubert_D783_no15_p19.match
85,Schubert,Schubert_D783_no15,musicxml/Schubert_D783_no15.musicxml,score_midi/Schubert_D783_no15.mid,midi/Schubert_D783_no15_p20.mid,performance_annots/Schubert_D783_no15_p20.tsv,score_annots/Schubert_D783_no15.tsv,audio/Schubert/Schubert_D783_no15_p20.wav,1,match/Schubert_D783_no15_p20.match
86,Schubert,Schubert_D783_no15,musicxml/Schubert_D783_no15.musicxml,score_midi/Schubert_D783_no15.mid,midi/Schubert_D783_no15_p21.mid,performance_annots/Schubert_D783_no15_p21.tsv,score_annots/Schubert_D783_no15.tsv,audio/Schubert/Schubert_D783_no15_p21.wav,1,match/Schubert_D783_no15_p21.match
87,Schubert,Schubert_D783_no15,musicxml/Schubert_D783_no15.musicxml,score_midi/Schubert_D783_no15.mid,midi/Schubert_D783_no15_p22.mid,performance_annots/Schubert_D783_no15_p22.tsv,score_annots/Schubert_D783_no15.tsv,audio/Schubert/Schubert_D783_no15_p22.wav,1,match/Schubert_D783_no15_p22.match
