composer,title,xml_score,midi_score,midi_performance,performance_annotations,midi_score_annotations,audio_performance,difficulty,audio_score
Roland Batik,kv279_1,scores/kv279_1.musicxml,score_midi/kv279_1.mid,midi_adjusted/kv279_1.mid,performance_annots/kv279_1.tsv,score_annots/kv279_1.tsv,performance_audio/kv279_1.wav,2,score_audio/kv279_1.wav
Roland Batik,kv279_2,scores/kv279_2.musicxml,score_midi/kv279_2.mid,midi_adjusted/kv279_2.mid,performance_annots/kv279_2.tsv,score_annots/kv279_2.tsv,performance_audio/kv279_2.wav,1,score_audio/kv279_2.wav
Roland Batik,kv279_3,scores/kv279_3.musicxml,score_midi/kv279_3.mid,midi_adjusted/kv279_3.mid,performance_annots/kv279_3.tsv,score_annots/kv279_3.tsv,performance_audio/kv279_3.wav,2,score_audio/kv279_3.wav
Roland Batik,kv280_1,scores/kv280_1.musicxml,score_midi/kv280_1.mid,midi_adjusted/kv280_1.mid,performance_annots/kv280_1.tsv,score_annots/kv280_1.tsv,performance_audio/kv280_1.wav,2,score_audio/kv280_1.wav
Roland Batik,kv280_2,scores/kv280_2.musicxml,score_midi/kv280_2.mid,midi_adjusted/kv280_2.mid,performance_annots/kv280_2.tsv,score_annots/kv280_2.tsv,performance_audio/kv280_2.wav,1,score_audio/kv280_2.wav
Roland Batik,kv280_3,scores/kv280_3.musicxml,score_midi/kv280_3.mid,midi_adjusted/kv280_3.mid,performance_annots/kv280_3.tsv,score_annots/kv280_3.tsv,performance_audio/kv280_3.wav,2,score_audio/kv280_3.wav
Roland Batik,kv281_2,scores/kv281_2.musicxml,score_midi/kv281_2.mid,midi_adjusted/kv281_2.mid,performance_annots/kv281_2.tsv,score_annots/kv281_2.tsv,performance_audio/kv281_2.wav,1,score_audio/kv281_2.wav
Roland Batik,kv281_3,scores/kv281_3.musicxml,score_midi/kv281_3.mid,midi_adjusted/kv281_3.mid,performance_annots/kv281_3.tsv,score_annots/kv281_3.tsv,performance_audio/kv281_3.wav,2,score_audio/kv281_3.wav
Roland Batik,kv282_1,scores/kv282_1.musicxml,score_midi/kv282_1.mid,midi_adjusted/kv282_1.mid,performance_annots/kv282_1.tsv,score_annots/kv282_1.tsv,performance_audio/kv282_1.wav,1,score_audio/kv282_1.wav
Roland Batik,kv282_2,scores/kv282_2.musicxml,score_midi/kv282_2.mid,midi_adjusted/kv282_2.mid,performance_annots/kv282_2.tsv,score_annots/kv282_2.tsv,performance_audio/kv282_2.wav,1,score_audio/kv282_2.wav
Roland Batik,kv282_3,scores/kv282_3.musicxml,score_midi/kv282_3.mid,midi_adjusted/kv282_3.mid,performance_annots/kv282_3.tsv,score_annots/kv282_3.tsv,performance_audio/kv282_3.wav,2,score_audio/kv282_3.wav
Roland Batik,kv283_1,scores/kv283_1.musicxml,score_midi/kv283_1.mid,midi_adjusted/kv283_1.mid,performance_annots/kv283_1.tsv,score_annots/kv283_1.tsv,performance_audio/kv283_1.wav,2,score_audio/kv283_1.wav
Roland Batik,kv283_2,scores/kv283_2.musicxml,score_midi/kv283_2.mid,midi_adjusted/kv283_2.mid,performance_annots/kv283_2.tsv,score_annots/kv283_2.tsv,performance_audio/kv283_2.wav,1,score_audio/kv283_2.wav
Roland Batik,kv283_3,scores/kv283_3.musicxml,score_midi/kv283_3.mid,midi_adjusted/kv283_3.mid,performance_annots/kv283_3.tsv,score_annots/kv283_3.tsv,performance_audio/kv283_3.wav,2,score_audio/kv283_3.wav
Roland Batik,kv284_1,scores/kv284_1.musicxml,score_midi/kv284_1.mid,midi_adjusted/kv284_1.mid,performance_annots/kv284_1.tsv,score_annots/kv284_1.tsv,performance_audio/kv284_1.wav,2,score_audio/kv284_1.wav
Roland Batik,kv284_2,scores/kv284_2.musicxml,score_midi/kv284_2.mid,midi_adjusted/kv284_2.mid,performance_annots/kv284_2.tsv,score_annots/kv284_2.tsv,performance_audio/kv284_2.wav,2,score_audio/kv284_2.wav
Roland Batik,kv330_2,scores/kv330_2.musicxml,score_midi/kv330_2.mid,midi_adjusted/kv330_2.mid,performance_annots/kv330_2.tsv,score_annots/kv330_2.tsv,performance_audio/kv330_2.wav,2,score_audio/kv330_2.wav
Roland Batik,kv330_3,scores/kv330_3.musicxml,score_midi/kv330_3.mid,midi_adjusted/kv330_3.mid,performance_annots/kv330_3.tsv,score_annots/kv330_3.tsv,performance_audio/kv330_3.wav,2,score_audio/kv330_3.wav
Roland Batik,kv331_2,scores/kv331_2.musicxml,score_midi/kv331_2.mid,midi_adjusted/kv331_2.mid,performance_annots/kv331_2.tsv,score_annots/kv331_2.tsv,performance_audio/kv331_2.wav,2,score_audio/kv331_2.wav
Roland Batik,kv331_3,scores/kv331_3.musicxml,score_midi/kv331_3.mid,midi_adjusted/kv331_3.mid,performance_annots/kv331_3.tsv,score_annots/kv331_3.tsv,performance_audio/kv331_3.wav,1,score_audio/kv331_3.wav
Roland Batik,kv332_1,scores/kv332_1.musicxml,score_midi/kv332_1.mid,midi_adjusted/kv332_1.mid,performance_annots/kv332_1.tsv,score_annots/kv332_1.tsv,performance_audio/kv332_1.wav,2,score_audio/kv332_1.wav
Roland Batik,kv332_2,scores/kv332_2.musicxml,score_midi/kv332_2.mid,midi_adjusted/kv332_2.mid,performance_annots/kv332_2.tsv,score_annots/kv332_2.tsv,performance_audio/kv332_2.wav,2,score_audio/kv332_2.wav
Roland Batik,kv332_3,scores/kv332_3.musicxml,score_midi/kv332_3.mid,midi_adjusted/kv332_3.mid,performance_annots/kv332_3.tsv,score_annots/kv332_3.tsv,performance_audio/kv332_3.wav,2,score_audio/kv332_3.wav
Roland Batik,kv333_1,scores/kv333_1.musicxml,score_midi/kv333_1.mid,midi_adjusted/kv333_1.mid,performance_annots/kv333_1.tsv,score_annots/kv333_1.tsv,performance_audio/kv333_1.wav,2,score_audio/kv333_1.wav
Roland Batik,kv333_2,scores/kv333_2.musicxml,score_midi/kv333_2.mid,midi_adjusted/kv333_2.mid,performance_annots/kv333_2.tsv,score_annots/kv333_2.tsv,performance_audio/kv333_2.wav,2,score_audio/kv333_2.wav
Roland Batik,kv333_3,scores/kv333_3.musicxml,score_midi/kv333_3.mid,midi_adjusted/kv333_3.mid,performance_annots/kv333_3.tsv,score_annots/kv333_3.tsv,performance_audio/kv333_3.wav,2,score_audio/kv333_3.wav
Roland Batik,kv457_1,scores/kv457_1.musicxml,score_midi/kv457_1.mid,midi_adjusted/kv457_1.mid,performance_annots/kv457_1.tsv,score_annots/kv457_1.tsv,performance_audio/kv457_1.wav,2,score_audio/kv457_1.wav
Roland Batik,kv457_3,scores/kv457_3.musicxml,score_midi/kv457_3.mid,midi_adjusted/kv457_3.mid,performance_annots/kv457_3.tsv,score_annots/kv457_3.tsv,performance_audio/kv457_3.wav,2,score_audio/kv457_3.wav
Roland Batik,kv533_1,scores/kv533_1.musicxml,score_midi/kv533_1.mid,midi_adjusted/kv533_1.mid,performance_annots/kv533_1.tsv,score_annots/kv533_1.tsv,performance_audio/kv533_1.wav,2,score_audio/kv533_1.wav
Roland Batik,kv533_3,scores/kv533_3.musicxml,score_midi/kv533_3.mid,midi_adjusted/kv533_3.mid,performance_annots/kv533_3.tsv,score_annots/kv533_3.tsv,performance_audio/kv533_3.wav,2,score_audio/kv533_3.wav
