composer,title,folder,xml_score,performance_annotations,audio_performance
Holst,Jupiter,01_Jupiter_vn_vc,Sco_01_Jupiter_vn_vc.mid,data/preprocessed/urmp/ground_truth/trimmed/1.tsv,dataset_root/trimmed_audio/AuMix_01_Jupiter_vn_vc_trim.wav
Mozart,Sonata,02_Sonata_vn_vn,Sco_02_Sonata_vn_vn.mid,data/preprocessed/urmp/ground_truth/trimmed/2.tsv,dataset_root/trimmed_audio/AuMix_02_Sonata_vn_vn_trim.wav
Tchaikovsky,Dance,03_Dance_fl_cl,Sco_03_Dance_fl_cl.mid,data/preprocessed/urmp/ground_truth/trimmed/3.tsv,dataset_root/trimmed_audio/AuMix_03_Dance_fl_cl_trim.wav
Beethoven,Allegro,04_Allegro_fl_fl,Sco_04_Allegro_fl_fl.mid,data/preprocessed/urmp/ground_truth/trimmed/4.tsv,dataset_root/trimmed_audio/AuMix_04_Allegro_fl_fl_trim.wav
Joplin,Entertainer,05_Entertainer_tpt_tpt,Sco_05_Entertainer_tpt_tpt.mid,data/preprocessed/urmp/ground_truth/trimmed/5.tsv,dataset_root/trimmed_audio/AuMix_05_Entertainer_tpt_tpt_trim.wav
Joplin,Entertainer,06_Entertainer_sax_sax,Sco_06_Entertainer_sax_sax.mid,data/preprocessed/urmp/ground_truth/trimmed/6.tsv,dataset_root/trimmed_audio/AuMix_06_Entertainer_sax_sax_trim.wav
Unknown,GString,07_GString_tpt_tbn,Sco_07_GString_tpt_tbn.mid,data/preprocessed/urmp/ground_truth/trimmed/7.tsv,dataset_root/trimmed_audio/AuMix_07_GString_tpt_tbn_trim.wav
Vivaldi,Spring,08_Spring_fl_vn,Sco_08_Spring_fl_vn.mid,data/preprocessed/urmp/ground_truth/trimmed/8.tsv,dataset_root/trimmed_audio/AuMix_08_Spring_fl_vn_trim.wav
Unknown,Jesus,09_Jesus_tpt_vn,Sco_09_Jesus_tpt_vn.mid,data/preprocessed/urmp/ground_truth/trimmed/9.tsv,dataset_root/trimmed_audio/AuMix_09_Jesus_tpt_vn_trim.wav
Handel,March,10_March_tpt_sax,Sco_10_March_tpt_sax.mid,data/preprocessed/urmp/ground_truth/trimmed/10.tsv,AuMix_10_March_tpt_sax.wav
Unknown,Maria,11_Maria_ob_vc,Sco_11_Maria_ob_vc.mid,data/preprocessed/urmp/ground_truth/trimmed/11.tsv,dataset_root/trimmed_audio/AuMix_11_Maria_ob_vc_trim.wav
Vivaldi,Spring,12_Spring_vn_vn_vc,Sco_12_Spring_vn_vn_vc.mid,data/preprocessed/urmp/ground_truth/trimmed/12.tsv,dataset_root/trimmed_audio/AuMix_12_Spring_vn_vn_vc_trim.wav
Unknown,Hark,13_Hark_vn_vn_va,Sco_13_Hark_vn_vn_va.mid,data/preprocessed/urmp/ground_truth/trimmed/13.tsv,dataset_root/trimmed_audio/AuMix_13_Hark_vn_vn_va_trim.wav
Tchaikovsky,Waltz,14_Waltz_fl_fl_cl,Sco_14_Waltz_fl_fl_cl.mid,data/preprocessed/urmp/ground_truth/trimmed/14.tsv,AuMix_14_Waltz_fl_fl_cl.wav
Haydn,Surprise,15_Surprise_tpt_tpt_tbn,Sco_15_Surprise_tpt_tpt_tbn.mid,data/preprocessed/urmp/ground_truth/trimmed/15.tsv,dataset_root/trimmed_audio/AuMix_15_Surprise_tpt_tpt_tbn_trim.wav
Haydn,Surprise,16_Surprise_tpt_tpt_sax,Sco_16_Surprise_tpt_tpt_sax.mid,data/preprocessed/urmp/ground_truth/trimmed/16.tsv,dataset_root/trimmed_audio/AuMix_16_Surprise_tpt_tpt_sax_trim.wav
Mendelssohn,Nocturne,17_Nocturne_vn_fl_cl,Sco_17_Nocturne_vn_fl_cl.mid,data/preprocessed/urmp/ground_truth/trimmed/17.tsv,dataset_root/trimmed_audio/AuMix_17_Nocturne_vn_fl_cl_trim.wav
Mendelssohn,Nocturne,18_Nocturne_vn_fl_tpt,Sco_18_Nocturne_vn_fl_tpt.mid,data/preprocessed/urmp/ground_truth/trimmed/18.tsv,dataset_root/trimmed_audio/AuMix_18_Nocturne_vn_fl_tpt_trim.wav
Faure,Pavane,19_Pavane_cl_vn_vc,Sco_19_Pavane_cl_vn_vc.mid,data/preprocessed/urmp/ground_truth/trimmed/19.tsv,dataset_root/trimmed_audio/AuMix_19_Pavane_cl_vn_vc_trim.wav
Faure,Pavane,20_Pavane_tpt_vn_vc,Sco_20_Pavane_tpt_vn_vc.mid,data/preprocessed/urmp/ground_truth/trimmed/20.tsv,dataset_root/trimmed_audio/AuMix_20_Pavane_tpt_vn_vc_trim.wav
Handel,Rejouissance,21_Rejouissance_cl_tbn_tba,Sco_21_Rejouissance_cl_tbn_tba.mid,data/preprocessed/urmp/ground_truth/trimmed/21.tsv,dataset_root/trimmed_audio/AuMix_21_Rejouissance_cl_tbn_tba_trim.wav
Handel,Rejouissance,22_Rejouissance_sax_tbn_tba,Sco_22_Rejouissance_sax_tbn_tba.mid,data/preprocessed/urmp/ground_truth/trimmed/22.tsv,dataset_root/trimmed_audio/AuMix_22_Rejouissance_sax_tbn_tba_trim.wav
Handel,Rejouissance,23_Rejouissance_cl_sax_tba,Sco_23_Rejouissance_cl_sax_tba.mid,data/preprocessed/urmp/ground_truth/trimmed/23.tsv,dataset_root/trimmed_audio/AuMix_23_Rejouissance_cl_sax_tba_trim.wav
Bruce,Pirates,24_Pirates_vn_vn_va_vc,Sco_24_Pirates_vn_vn_va_vc.mid,data/preprocessed/urmp/ground_truth/trimmed/24.tsv,AuMix_24_Pirates_vn_vn_va_vc.wav
Bruce,Pirates,25_Pirates_vn_vn_va_sax,Sco_25_Pirates_vn_vn_va_sax.mid,data/preprocessed/urmp/ground_truth/trimmed/25.tsv,AuMix_25_Pirates_vn_vn_va_sax.wav
Unknown,King,26_King_vn_vn_va_vc,Sco_26_King_vn_vn_va_vc.mid,data/preprocessed/urmp/ground_truth/trimmed/26.tsv,AuMix_26_King_vn_vn_va_vc.wav
Unknown,King,27_King_vn_vn_va_sax,Sco_27_King_vn_vn_va_sax.mid,data/preprocessed/urmp/ground_truth/trimmed/27.tsv,AuMix_27_King_vn_vn_va_sax.wav
Bach,Fugue,28_Fugue_fl_ob_cl_bn,Sco_28_Fugue_fl_ob_cl_bn.mid,data/preprocessed/urmp/ground_truth/trimmed/28.tsv,dataset_root/trimmed_audio/AuMix_28_Fugue_fl_ob_cl_bn_trim.wav
Bach,Fugue,29_Fugue_fl_fl_ob_cl,Sco_29_Fugue_fl_fl_ob_cl.mid,data/preprocessed/urmp/ground_truth/trimmed/29.tsv,dataset_root/trimmed_audio/AuMix_29_Fugue_fl_fl_ob_cl_trim.wav
Bach,Fugue,30_Fugue_fl_fl_ob_sax,Sco_30_Fugue_fl_fl_ob_sax.mid,data/preprocessed/urmp/ground_truth/trimmed/30.tsv,dataset_root/trimmed_audio/AuMix_30_Fugue_fl_fl_ob_sax_trim.wav
Dvorak,Slavonic,31_Slavonic_tpt_tpt_hn_tbn,Sco_31_Slavonic_tpt_tpt_hn_tbn.mid,data/preprocessed/urmp/ground_truth/trimmed/31.tsv,dataset_root/trimmed_audio/AuMix_31_Slavonic_tpt_tpt_hn_tbn_trim.wav
Bach,Fugue,32_Fugue_vn_vn_va_vc,Sco_32_Fugue_vn_vn_va_vc.mid,data/preprocessed/urmp/ground_truth/trimmed/32.tsv,dataset_root/trimmed_audio/AuMix_32_Fugue_vn_vn_va_vc_trim.wav
Unknown,Elise,33_Elise_tpt_tpt_hn_tbn,Sco_33_Elise_tpt_tpt_hn_tbn.mid,data/preprocessed/urmp/ground_truth/trimmed/33.tsv,dataset_root/trimmed_audio/AuMix_33_Elise_tpt_tpt_hn_tbn_trim.wav
Bach,Fugue,34_Fugue_tpt_tpt_hn_tbn,Sco_34_Fugue_tpt_tpt_hn_tbn.mid,data/preprocessed/urmp/ground_truth/trimmed/34.tsv,dataset_root/trimmed_audio/AuMix_34_Fugue_tpt_tpt_hn_tbn_trim.wav
Purcell,Rondeau,35_Rondeau_vn_vn_va_db,Sco_35_Rondeau_vn_vn_va_db.mid,data/preprocessed/urmp/ground_truth/trimmed/35.tsv,dataset_root/trimmed_audio/AuMix_35_Rondeau_vn_vn_va_db_trim.wav
Purcell,Rondeau,36_Rondeau_vn_vn_va_vc,Sco_36_Rondeau_vn_vn_va_vc.mid,data/preprocessed/urmp/ground_truth/trimmed/36.tsv,dataset_root/trimmed_audio/AuMix_36_Rondeau_vn_vn_va_vc_trim.wav
Purcell,Rondeau,37_Rondeau_fl_vn_va_cl,Sco_37_Rondeau_fl_vn_va_cl.mid,data/preprocessed/urmp/ground_truth/trimmed/37.tsv,dataset_root/trimmed_audio/AuMix_37_Rondeau_fl_vn_va_cl_trim.wav
Parry,Jerusalem,38_Jerusalem_vn_vn_va_vc_db,Sco_38_Jerusalem_vn_vn_va_vc_db.mid,data/preprocessed/urmp/ground_truth/trimmed/38.tsv,dataset_root/trimmed_audio/AuMix_38_Jerusalem_vn_vn_va_vc_db_trim.wav
Parry,Jerusalem,39_Jerusalem_vn_vn_va_sax_db,Sco_39_Jerusalem_vn_vn_va_sax_db.mid,data/preprocessed/urmp/ground_truth/trimmed/39.tsv,dataset_root/trimmed_audio/AuMix_39_Jerusalem_vn_vn_va_sax_db_trim.wav
Allegri,Miserere,40_Miserere_fl_fl_ob_cl_bn,Sco_40_Miserere_fl_fl_ob_cl_bn.mid,data/preprocessed/urmp/ground_truth/trimmed/40.tsv,dataset_root/trimmed_audio/AuMix_40_Miserere_fl_fl_ob_cl_bn_trim.wav
Allegri,Miserere,41_Miserere_fl_fl_ob_sax_bn,Sco_41_Miserere_fl_fl_ob_sax_bn.mid,data/preprocessed/urmp/ground_truth/trimmed/41.tsv,dataset_root/trimmed_audio/AuMix_41_Miserere_fl_fl_ob_sax_bn_trim.wav
Bach,Arioso,42_Arioso_tpt_tpt_hn_tbn_tba,Sco_42_Arioso_tpt_tpt_hn_tbn_tba.mid,data/preprocessed/urmp/ground_truth/trimmed/42.tsv,dataset_root/trimmed_audio/AuMix_42_Arioso_tpt_tpt_hn_tbn_tba_trim.wav
Bach,Chorale,43_Chorale_tpt_tpt_hn_tbn_tba,Sco_43_Chorale_tpt_tpt_hn_tbn_tba.mid,data/preprocessed/urmp/ground_truth/trimmed/43.tsv,dataset_root/trimmed_audio/AuMix_43_Chorale_tpt_tpt_hn_tbn_tba_trim.wav
Mozart,K515,44_K515_vn_vn_va_va_vc,Sco_44_K515_vn_vn_va_va_vc.mid,data/preprocessed/urmp/ground_truth/trimmed/44.tsv,dataset_root/trimmed_audio/AuMix_44_K515_vn_vn_va_va_vc_trim.wav
