composer,title,xml_score,midi_score,midi_performance,performance_annotations,midi_score_annotations,audio_performance,difficulty,audio_score,match
Chopin,Chopin_op10_no3,musicxml_adjusted/Chopin_op10_no3.musicxml,score_midi/Chopin_op10_no3.mid,midi/Chopin_op10_no3_p01.mid,performance_annots/Chopin_op10_no3_p01.tsv,score_annots/Chopin_op10_no3.tsv,audio/Chopin_Etude/Chopin_op10_no3_p01.wav,1,score_audio/Chopin_op10_no3.wav,match/Chopin_op10_no3_p01.match
Chopin,Chopin_op10_no3,musicxml_adjusted/Chopin_op10_no3.musicxml,score_midi/Chopin_op10_no3.mid,midi/Chopin_op10_no3_p02.mid,performance_annots/Chopin_op10_no3_p02.tsv,score_annots/Chopin_op10_no3.tsv,audio/Chopin_Etude/Chopin_op10_no3_p02.wav,1,score_audio/Chopin_op10_no3.wav,match/Chopin_op10_no3_p02.match
Chopin,Chopin_op10_no3,musicxml_adjusted/Chopin_op10_no3.musicxml,score_midi/Chopin_op10_no3.mid,midi/Chopin_op10_no3_p03.mid,performance_annots/Chopin_op10_no3_p03.tsv,score_annots/Chopin_op10_no3.tsv,audio/Chopin_Etude/Chopin_op10_no3_p03.wav,1,score_audio/Chopin_op10_no3.wav,match/Chopin_op10_no3_p03.match
Chopin,Chopin_op10_no3,musicxml_adjusted/Chopin_op10_no3.musicxml,score_midi/Chopin_op10_no3.mid,midi/Chopin_op10_no3_p04.mid,performance_annots/Chopin_op10_no3_p04.tsv,score_annots/Chopin_op10_no3.tsv,audio/Chopin_Etude/Chopin_op10_no3_p04.wav,1,score_audio/Chopin_op10_no3.wav,match/Chopin_op10_no3_p04.match
Chopin,Chopin_op10_no3,musicxml_adjusted/Chopin_op10_no3.musicxml,score_midi/Chopin_op10_no3.mid,midi/Chopin_op10_no3_p05.mid,performance_annots/Chopin_op10_no3_p05.tsv,score_annots/Chopin_op10_no3.tsv,audio/Chopin_Etude/Chopin_op10_no3_p05.wav,1,score_audio/Chopin_op10_no3.wav,match/Chopin_op10_no3_p05.match
Chopin,Chopin_op10_no3,musicxml_adjusted/Chopin_op10_no3.musicxml,score_midi/Chopin_op10_no3.mid,midi/Chopin_op10_no3_p06.mid,performance_annots/Chopin_op10_no3_p06.tsv,score_annots/Chopin_op10_no3.tsv,audio/Chopin_Etude/Chopin_op10_no3_p06.wav,1,score_audio/Chopin_op10_no3.wav,match/Chopin_op10_no3_p06.match
Chopin,Chopin_op10_no3,musicxml_adjusted/Chopin_op10_no3.musicxml,score_midi/Chopin_op10_no3.mid,midi/Chopin_op10_no3_p07.mid,performance_annots/Chopin_op10_no3_p07.tsv,score_annots/Chopin_op10_no3.tsv,audio/Chopin_Etude/Chopin_op10_no3_p07.wav,1,score_audio/Chopin_op10_no3.wav,match/Chopin_op10_no3_p07.match
Chopin,Chopin_op10_no3,musicxml_adjusted/Chopin_op10_no3.musicxml,score_midi/Chopin_op10_no3.mid,midi/Chopin_op10_no3_p08.mid,performance_annots/Chopin_op10_no3_p08.tsv,score_annots/Chopin_op10_no3.tsv,audio/Chopin_Etude/Chopin_op10_no3_p08.wav,1,score_audio/Chopin_op10_no3.wav,match/Chopin_op10_no3_p08.match
Chopin,Chopin_op10_no3,musicxml_adjusted/Chopin_op10_no3.musicxml,score_midi/Chopin_op10_no3.mid,midi/Chopin_op10_no3_p09.mid,performance_annots/Chopin_op10_no3_p09.tsv,score_annots/Chopin_op10_no3.tsv,audio/Chopin_Etude/Chopin_op10_no3_p09.wav,1,score_audio/Chopin_op10_no3.wav,match/Chopin_op10_no3_p09.match
Chopin,Chopin_op10_no3,musicxml_adjusted/Chopin_op10_no3.musicxml,score_midi/Chopin_op10_no3.mid,midi/Chopin_op10_no3_p10.mid,performance_annots/Chopin_op10_no3_p10.tsv,score_annots/Chopin_op10_no3.tsv,audio/Chopin_Etude/Chopin_op10_no3_p10.wav,1,score_audio/Chopin_op10_no3.wav,match/Chopin_op10_no3_p10.match
Chopin,Chopin_op10_no3,musicxml_adjusted/Chopin_op10_no3.musicxml,score_midi/Chopin_op10_no3.mid,midi/Chopin_op10_no3_p11.mid,performance_annots/Chopin_op10_no3_p11.tsv,score_annots/Chopin_op10_no3.tsv,audio/Chopin_Etude/Chopin_op10_no3_p11.wav,1,score_audio/Chopin_op10_no3.wav,match/Chopin_op10_no3_p11.match
Chopin,Chopin_op10_no3,musicxml_adjusted/Chopin_op10_no3.musicxml,score_midi/Chopin_op10_no3.mid,midi/Chopin_op10_no3_p12.mid,performance_annots/Chopin_op10_no3_p12.tsv,score_annots/Chopin_op10_no3.tsv,audio/Chopin_Etude/Chopin_op10_no3_p12.wav,1,score_audio/Chopin_op10_no3.wav,match/Chopin_op10_no3_p12.match
Chopin,Chopin_op10_no3,musicxml_adjusted/Chopin_op10_no3.musicxml,score_midi/Chopin_op10_no3.mid,midi/Chopin_op10_no3_p13.mid,performance_annots/Chopin_op10_no3_p13.tsv,score_annots/Chopin_op10_no3.tsv,audio/Chopin_Etude/Chopin_op10_no3_p13.wav,1,score_audio/Chopin_op10_no3.wav,match/Chopin_op10_no3_p13.match
Chopin,Chopin_op10_no3,musicxml_adjusted/Chopin_op10_no3.musicxml,score_midi/Chopin_op10_no3.mid,midi/Chopin_op10_no3_p14.mid,performance_annots/Chopin_op10_no3_p14.tsv,score_annots/Chopin_op10_no3.tsv,audio/Chopin_Etude/Chopin_op10_no3_p14.wav,1,score_audio/Chopin_op10_no3.wav,match/Chopin_op10_no3_p14.match
Chopin,Chopin_op10_no3,musicxml_adjusted/Chopin_op10_no3.musicxml,score_midi/Chopin_op10_no3.mid,midi/Chopin_op10_no3_p15.mid,performance_annots/Chopin_op10_no3_p15.tsv,score_annots/Chopin_op10_no3.tsv,audio/Chopin_Etude/Chopin_op10_no3_p15.wav,1,score_audio/Chopin_op10_no3.wav,match/Chopin_op10_no3_p15.match
Chopin,Chopin_op10_no3,musicxml_adjusted/Chopin_op10_no3.musicxml,score_midi/Chopin_op10_no3.mid,midi/Chopin_op10_no3_p16.mid,performance_annots/Chopin_op10_no3_p16.tsv,score_annots/Chopin_op10_no3.tsv,audio/Chopin_Etude/Chopin_op10_no3_p16.wav,1,score_audio/Chopin_op10_no3.wav,match/Chopin_op10_no3_p16.match
Chopin,Chopin_op10_no3,musicxml_adjusted/Chopin_op10_no3.musicxml,score_midi/Chopin_op10_no3.mid,midi/Chopin_op10_no3_p17.mid,performance_annots/Chopin_op10_no3_p17.tsv,score_annots/Chopin_op10_no3.tsv,audio/Chopin_Etude/Chopin_op10_no3_p17.wav,1,score_audio/Chopin_op10_no3.wav,match/Chopin_op10_no3_p17.match
Chopin,Chopin_op10_no3,musicxml_adjusted/Chopin_op10_no3.musicxml,score_midi/Chopin_op10_no3.mid,midi/Chopin_op10_no3_p18.mid,performance_annots/Chopin_op10_no3_p18.tsv,score_annots/Chopin_op10_no3.tsv,audio/Chopin_Etude/Chopin_op10_no3_p18.wav,1,score_audio/Chopin_op10_no3.wav,match/Chopin_op10_no3_p18.match
Chopin,Chopin_op10_no3,musicxml_adjusted/Chopin_op10_no3.musicxml,score_midi/Chopin_op10_no3.mid,midi/Chopin_op10_no3_p19.mid,performance_annots/Chopin_op10_no3_p19.tsv,score_annots/Chopin_op10_no3.tsv,audio/Chopin_Etude/Chopin_op10_no3_p19.wav,1,score_audio/Chopin_op10_no3.wav,match/Chopin_op10_no3_p19.match
Chopin,Chopin_op10_no3,musicxml_adjusted/Chopin_op10_no3.musicxml,score_midi/Chopin_op10_no3.mid,midi/Chopin_op10_no3_p20.mid,performance_annots/Chopin_op10_no3_p20.tsv,score_annots/Chopin_op10_no3.tsv,audio/Chopin_Etude/Chopin_op10_no3_p20.wav,1,score_audio/Chopin_op10_no3.wav,match/Chopin_op10_no3_p20.match
Chopin,Chopin_op10_no3,musicxml_adjusted/Chopin_op10_no3.musicxml,score_midi/Chopin_op10_no3.mid,midi/Chopin_op10_no3_p21.mid,performance_annots/Chopin_op10_no3_p21.tsv,score_annots/Chopin_op10_no3.tsv,audio/Chopin_Etude/Chopin_op10_no3_p21.wav,1,score_audio/Chopin_op10_no3.wav,match/Chopin_op10_no3_p21.match
Chopin,Chopin_op10_no3,musicxml_adjusted/Chopin_op10_no3.musicxml,score_midi/Chopin_op10_no3.mid,midi/Chopin_op10_no3_p22.mid,performance_annots/Chopin_op10_no3_p22.tsv,score_annots/Chopin_op10_no3.tsv,audio/Chopin_Etude/Chopin_op10_no3_p22.wav,1,score_audio/Chopin_op10_no3.wav,match/Chopin_op10_no3_p22.match
Chopin,Chopin_op38,musicxml_adjusted/Chopin_op38.musicxml,score_midi/Chopin_op38.mid,midi/Chopin_op38_p01.mid,performance_annots/Chopin_op38_p01.tsv,score_annots/Chopin_op38.tsv,audio/Chopin_Ballade/Chopin_op38_p01.wav,1,score_audio/Chopin_op38.wav,match/Chopin_op38_p01.match
Chopin,Chopin_op38,musicxml_adjusted/Chopin_op38.musicxml,score_midi/Chopin_op38.mid,midi/Chopin_op38_p02.mid,performance_annots/Chopin_op38_p02.tsv,score_annots/Chopin_op38.tsv,audio/Chopin_Ballade/Chopin_op38_p02.wav,1,score_audio/Chopin_op38.wav,match/Chopin_op38_p02.match
Chopin,Chopin_op38,musicxml_adjusted/Chopin_op38.musicxml,score_midi/Chopin_op38.mid,midi/Chopin_op38_p03.mid,performance_annots/Chopin_op38_p03.tsv,score_annots/Chopin_op38.tsv,audio/Chopin_Ballade/Chopin_op38_p03.wav,1,score_audio/Chopin_op38.wav,match/Chopin_op38_p03.match
Chopin,Chopin_op38,musicxml_adjusted/Chopin_op38.musicxml,score_midi/Chopin_op38.mid,midi/Chopin_op38_p04.mid,performance_annots/Chopin_op38_p04.tsv,score_annots/Chopin_op38.tsv,audio/Chopin_Ballade/Chopin_op38_p04.wav,1,score_audio/Chopin_op38.wav,match/Chopin_op38_p04.match
Chopin,Chopin_op38,musicxml_adjusted/Chopin_op38.musicxml,score_midi/Chopin_op38.mid,midi/Chopin_op38_p05.mid,performance_annots/Chopin_op38_p05.tsv,score_annots/Chopin_op38.tsv,audio/Chopin_Ballade/Chopin_op38_p05.wav,1,score_audio/Chopin_op38.wav,match/Chopin_op38_p05.match
Chopin,Chopin_op38,musicxml_adjusted/Chopin_op38.musicxml,score_midi/Chopin_op38.mid,midi/Chopin_op38_p06.mid,performance_annots/Chopin_op38_p06.tsv,score_annots/Chopin_op38.tsv,audio/Chopin_Ballade/Chopin_op38_p06.wav,1,score_audio/Chopin_op38.wav,match/Chopin_op38_p06.match
Chopin,Chopin_op38,musicxml_adjusted/Chopin_op38.musicxml,score_midi/Chopin_op38.mid,midi/Chopin_op38_p07.mid,performance_annots/Chopin_op38_p07.tsv,score_annots/Chopin_op38.tsv,audio/Chopin_Ballade/Chopin_op38_p07.wav,1,score_audio/Chopin_op38.wav,match/Chopin_op38_p07.match
Chopin,Chopin_op38,musicxml_adjusted/Chopin_op38.musicxml,score_midi/Chopin_op38.mid,midi/Chopin_op38_p08.mid,performance_annots/Chopin_op38_p08.tsv,score_annots/Chopin_op38.tsv,audio/Chopin_Ballade/Chopin_op38_p08.wav,1,score_audio/Chopin_op38.wav,match/Chopin_op38_p08.match
Chopin,Chopin_op38,musicxml_adjusted/Chopin_op38.musicxml,score_midi/Chopin_op38.mid,midi/Chopin_op38_p09.mid,performance_annots/Chopin_op38_p09.tsv,score_annots/Chopin_op38.tsv,audio/Chopin_Ballade/Chopin_op38_p09.wav,1,score_audio/Chopin_op38.wav,match/Chopin_op38_p09.match
Chopin,Chopin_op38,musicxml_adjusted/Chopin_op38.musicxml,score_midi/Chopin_op38.mid,midi/Chopin_op38_p10.mid,performance_annots/Chopin_op38_p10.tsv,score_annots/Chopin_op38.tsv,audio/Chopin_Ballade/Chopin_op38_p10.wav,1,score_audio/Chopin_op38.wav,match/Chopin_op38_p10.match
Chopin,Chopin_op38,musicxml_adjusted/Chopin_op38.musicxml,score_midi/Chopin_op38.mid,midi/Chopin_op38_p11.mid,performance_annots/Chopin_op38_p11.tsv,score_annots/Chopin_op38.tsv,audio/Chopin_Ballade/Chopin_op38_p11.wav,1,score_audio/Chopin_op38.wav,match/Chopin_op38_p11.match
Chopin,Chopin_op38,musicxml_adjusted/Chopin_op38.musicxml,score_midi/Chopin_op38.mid,midi/Chopin_op38_p12.mid,performance_annots/Chopin_op38_p12.tsv,score_annots/Chopin_op38.tsv,audio/Chopin_Ballade/Chopin_op38_p12.wav,1,score_audio/Chopin_op38.wav,match/Chopin_op38_p12.match
Chopin,Chopin_op38,musicxml_adjusted/Chopin_op38.musicxml,score_midi/Chopin_op38.mid,midi/Chopin_op38_p13.mid,performance_annots/Chopin_op38_p13.tsv,score_annots/Chopin_op38.tsv,audio/Chopin_Ballade/Chopin_op38_p13.wav,1,score_audio/Chopin_op38.wav,match/Chopin_op38_p13.match
Chopin,Chopin_op38,musicxml_adjusted/Chopin_op38.musicxml,score_midi/Chopin_op38.mid,midi/Chopin_op38_p14.mid,performance_annots/Chopin_op38_p14.tsv,score_annots/Chopin_op38.tsv,audio/Chopin_Ballade/Chopin_op38_p14.wav,1,score_audio/Chopin_op38.wav,match/Chopin_op38_p14.match
Chopin,Chopin_op38,musicxml_adjusted/Chopin_op38.musicxml,score_midi/Chopin_op38.mid,midi/Chopin_op38_p15.mid,performance_annots/Chopin_op38_p15.tsv,score_annots/Chopin_op38.tsv,audio/Chopin_Ballade/Chopin_op38_p15.wav,1,score_audio/Chopin_op38.wav,match/Chopin_op38_p15.match
Chopin,Chopin_op38,musicxml_adjusted/Chopin_op38.musicxml,score_midi/Chopin_op38.mid,midi/Chopin_op38_p16.mid,performance_annots/Chopin_op38_p16.tsv,score_annots/Chopin_op38.tsv,audio/Chopin_Ballade/Chopin_op38_p16.wav,1,score_audio/Chopin_op38.wav,match/Chopin_op38_p16.match
Chopin,Chopin_op38,musicxml_adjusted/Chopin_op38.musicxml,score_midi/Chopin_op38.mid,midi/Chopin_op38_p17.mid,performance_annots/Chopin_op38_p17.tsv,score_annots/Chopin_op38.tsv,audio/Chopin_Ballade/Chopin_op38_p17.wav,1,score_audio/Chopin_op38.wav,match/Chopin_op38_p17.match
Chopin,Chopin_op38,musicxml_adjusted/Chopin_op38.musicxml,score_midi/Chopin_op38.mid,midi/Chopin_op38_p18.mid,performance_annots/Chopin_op38_p18.tsv,score_annots/Chopin_op38.tsv,audio/Chopin_Ballade/Chopin_op38_p18.wav,1,score_audio/Chopin_op38.wav,match/Chopin_op38_p18.match
Chopin,Chopin_op38,musicxml_adjusted/Chopin_op38.musicxml,score_midi/Chopin_op38.mid,midi/Chopin_op38_p19.mid,performance_annots/Chopin_op38_p19.tsv,score_annots/Chopin_op38.tsv,audio/Chopin_Ballade/Chopin_op38_p19.wav,1,score_audio/Chopin_op38.wav,match/Chopin_op38_p19.match
Chopin,Chopin_op38,musicxml_adjusted/Chopin_op38.musicxml,score_midi/Chopin_op38.mid,midi/Chopin_op38_p20.mid,performance_annots/Chopin_op38_p20.tsv,score_annots/Chopin_op38.tsv,audio/Chopin_Ballade/Chopin_op38_p20.wav,1,score_audio/Chopin_op38.wav,match/Chopin_op38_p20.match
Chopin,Chopin_op38,musicxml_adjusted/Chopin_op38.musicxml,score_midi/Chopin_op38.mid,midi/Chopin_op38_p21.mid,performance_annots/Chopin_op38_p21.tsv,score_annots/Chopin_op38.tsv,audio/Chopin_Ballade/Chopin_op38_p21.wav,1,score_audio/Chopin_op38.wav,match/Chopin_op38_p21.match
Chopin,Chopin_op38,musicxml_adjusted/Chopin_op38.musicxml,score_midi/Chopin_op38.mid,midi/Chopin_op38_p22.mid,performance_annots/Chopin_op38_p22.tsv,score_annots/Chopin_op38.tsv,audio/Chopin_Ballade/Chopin_op38_p22.wav,1,score_audio/Chopin_op38.wav,match/Chopin_op38_p22.match
Mozart,Mozart_K331_1st-mov,musicxml_adjusted/Mozart_K331_1st-mov.musicxml,score_midi/Mozart_K331_1st-mov.mid,midi/Mozart_K331_1st-mov_p01.mid,performance_annots/Mozart_K331_1st-mov_p01.tsv,score_annots/Mozart_K331_1st-mov.tsv,audio/Mozart/Mozart_K331_1st-mov_p01.wav,1,score_audio/Mozart_K331_1st-mov.wav,match/Mozart_K331_1st-mov_p01.match
Mozart,Mozart_K331_1st-mov,musicxml_adjusted/Mozart_K331_1st-mov.musicxml,score_midi/Mozart_K331_1st-mov.mid,midi/Mozart_K331_1st-mov_p02.mid,performance_annots/Mozart_K331_1st-mov_p02.tsv,score_annots/Mozart_K331_1st-mov.tsv,audio/Mozart/Mozart_K331_1st-mov_p02.wav,1,score_audio/Mozart_K331_1st-mov.wav,match/Mozart_K331_1st-mov_p02.match
Mozart,Mozart_K331_1st-mov,musicxml_adjusted/Mozart_K331_1st-mov.musicxml,score_midi/Mozart_K331_1st-mov.mid,midi/Mozart_K331_1st-mov_p03.mid,performance_annots/Mozart_K331_1st-mov_p03.tsv,score_annots/Mozart_K331_1st-mov.tsv,audio/Mozart/Mozart_K331_1st-mov_p03.wav,1,score_audio/Mozart_K331_1st-mov.wav,match/Mozart_K331_1st-mov_p03.match
Mozart,Mozart_K331_1st-mov,musicxml_adjusted/Mozart_K331_1st-mov.musicxml,score_midi/Mozart_K331_1st-mov.mid,midi/Mozart_K331_1st-mov_p04.mid,performance_annots/Mozart_K331_1st-mov_p04.tsv,score_annots/Mozart_K331_1st-mov.tsv,audio/Mozart/Mozart_K331_1st-mov_p04.wav,1,score_audio/Mozart_K331_1st-mov.wav,match/Mozart_K331_1st-mov_p04.match
Mozart,Mozart_K331_1st-mov,musicxml_adjusted/Mozart_K331_1st-mov.musicxml,score_midi/Mozart_K331_1st-mov.mid,midi/Mozart_K331_1st-mov_p05.mid,performance_annots/Mozart_K331_1st-mov_p05.tsv,score_annots/Mozart_K331_1st-mov.tsv,audio/Mozart/Mozart_K331_1st-mov_p05.wav,1,score_audio/Mozart_K331_1st-mov.wav,match/Mozart_K331_1st-mov_p05.match
Mozart,Mozart_K331_1st-mov,musicxml_adjusted/Mozart_K331_1st-mov.musicxml,score_midi/Mozart_K331_1st-mov.mid,midi/Mozart_K331_1st-mov_p06.mid,performance_annots/Mozart_K331_1st-mov_p06.tsv,score_annots/Mozart_K331_1st-mov.tsv,audio/Mozart/Mozart_K331_1st-mov_p06.wav,1,score_audio/Mozart_K331_1st-mov.wav,match/Mozart_K331_1st-mov_p06.match
Mozart,Mozart_K331_1st-mov,musicxml_adjusted/Mozart_K331_1st-mov.musicxml,score_midi/Mozart_K331_1st-mov.mid,midi/Mozart_K331_1st-mov_p07.mid,performance_annots/Mozart_K331_1st-mov_p07.tsv,score_annots/Mozart_K331_1st-mov.tsv,audio/Mozart/Mozart_K331_1st-mov_p07.wav,1,score_audio/Mozart_K331_1st-mov.wav,match/Mozart_K331_1st-mov_p07.match
Mozart,Mozart_K331_1st-mov,musicxml_adjusted/Mozart_K331_1st-mov.musicxml,score_midi/Mozart_K331_1st-mov.mid,midi/Mozart_K331_1st-mov_p08.mid,performance_annots/Mozart_K331_1st-mov_p08.tsv,score_annots/Mozart_K331_1st-mov.tsv,audio/Mozart/Mozart_K331_1st-mov_p08.wav,1,score_audio/Mozart_K331_1st-mov.wav,match/Mozart_K331_1st-mov_p08.match
Mozart,Mozart_K331_1st-mov,musicxml_adjusted/Mozart_K331_1st-mov.musicxml,score_midi/Mozart_K331_1st-mov.mid,midi/Mozart_K331_1st-mov_p09.mid,performance_annots/Mozart_K331_1st-mov_p09.tsv,score_annots/Mozart_K331_1st-mov.tsv,audio/Mozart/Mozart_K331_1st-mov_p09.wav,1,score_audio/Mozart_K331_1st-mov.wav,match/Mozart_K331_1st-mov_p09.match
Mozart,Mozart_K331_1st-mov,musicxml_adjusted/Mozart_K331_1st-mov.musicxml,score_midi/Mozart_K331_1st-mov.mid,midi/Mozart_K331_1st-mov_p10.mid,performance_annots/Mozart_K331_1st-mov_p10.tsv,score_annots/Mozart_K331_1st-mov.tsv,audio/Mozart/Mozart_K331_1st-mov_p10.wav,1,score_audio/Mozart_K331_1st-mov.wav,match/Mozart_K331_1st-mov_p10.match
Mozart,Mozart_K331_1st-mov,musicxml_adjusted/Mozart_K331_1st-mov.musicxml,score_midi/Mozart_K331_1st-mov.mid,midi/Mozart_K331_1st-mov_p11.mid,performance_annots/Mozart_K331_1st-mov_p11.tsv,score_annots/Mozart_K331_1st-mov.tsv,audio/Mozart/Mozart_K331_1st-mov_p11.wav,1,score_audio/Mozart_K331_1st-mov.wav,match/Mozart_K331_1st-mov_p11.match
Mozart,Mozart_K331_1st-mov,musicxml_adjusted/Mozart_K331_1st-mov.musicxml,score_midi/Mozart_K331_1st-mov.mid,midi/Mozart_K331_1st-mov_p12.mid,performance_annots/Mozart_K331_1st-mov_p12.tsv,score_annots/Mozart_K331_1st-mov.tsv,audio/Mozart/Mozart_K331_1st-mov_p12.wav,1,score_audio/Mozart_K331_1st-mov.wav,match/Mozart_K331_1st-mov_p12.match
Mozart,Mozart_K331_1st-mov,musicxml_adjusted/Mozart_K331_1st-mov.musicxml,score_midi/Mozart_K331_1st-mov.mid,midi/Mozart_K331_1st-mov_p13.mid,performance_annots/Mozart_K331_1st-mov_p13.tsv,score_annots/Mozart_K331_1st-mov.tsv,audio/Mozart/Mozart_K331_1st-mov_p13.wav,1,score_audio/Mozart_K331_1st-mov.wav,match/Mozart_K331_1st-mov_p13.match
Mozart,Mozart_K331_1st-mov,musicxml_adjusted/Mozart_K331_1st-mov.musicxml,score_midi/Mozart_K331_1st-mov.mid,midi/Mozart_K331_1st-mov_p14.mid,performance_annots/Mozart_K331_1st-mov_p14.tsv,score_annots/Mozart_K331_1st-mov.tsv,audio/Mozart/Mozart_K331_1st-mov_p14.wav,1,score_audio/Mozart_K331_1st-mov.wav,match/Mozart_K331_1st-mov_p14.match
Mozart,Mozart_K331_1st-mov,musicxml_adjusted/Mozart_K331_1st-mov.musicxml,score_midi/Mozart_K331_1st-mov.mid,midi/Mozart_K331_1st-mov_p15.mid,performance_annots/Mozart_K331_1st-mov_p15.tsv,score_annots/Mozart_K331_1st-mov.tsv,audio/Mozart/Mozart_K331_1st-mov_p15.wav,1,score_audio/Mozart_K331_1st-mov.wav,match/Mozart_K331_1st-mov_p15.match
Mozart,Mozart_K331_1st-mov,musicxml_adjusted/Mozart_K331_1st-mov.musicxml,score_midi/Mozart_K331_1st-mov.mid,midi/Mozart_K331_1st-mov_p16.mid,performance_annots/Mozart_K331_1st-mov_p16.tsv,score_annots/Mozart_K331_1st-mov.tsv,audio/Mozart/Mozart_K331_1st-mov_p16.wav,1,score_audio/Mozart_K331_1st-mov.wav,match/Mozart_K331_1st-mov_p16.match
Mozart,Mozart_K331_1st-mov,musicxml_adjusted/Mozart_K331_1st-mov.musicxml,score_midi/Mozart_K331_1st-mov.mid,midi/Mozart_K331_1st-mov_p17.mid,performance_annots/Mozart_K331_1st-mov_p17.tsv,score_annots/Mozart_K331_1st-mov.tsv,audio/Mozart/Mozart_K331_1st-mov_p17.wav,1,score_audio/Mozart_K331_1st-mov.wav,match/Mozart_K331_1st-mov_p17.match
Mozart,Mozart_K331_1st-mov,musicxml_adjusted/Mozart_K331_1st-mov.musicxml,score_midi/Mozart_K331_1st-mov.mid,midi/Mozart_K331_1st-mov_p18.mid,performance_annots/Mozart_K331_1st-mov_p18.tsv,score_annots/Mozart_K331_1st-mov.tsv,audio/Mozart/Mozart_K331_1st-mov_p18.wav,1,score_audio/Mozart_K331_1st-mov.wav,match/Mozart_K331_1st-mov_p18.match
Mozart,Mozart_K331_1st-mov,musicxml_adjusted/Mozart_K331_1st-mov.musicxml,score_midi/Mozart_K331_1st-mov.mid,midi/Mozart_K331_1st-mov_p19.mid,performance_annots/Mozart_K331_1st-mov_p19.tsv,score_annots/Mozart_K331_1st-mov.tsv,audio/Mozart/Mozart_K331_1st-mov_p19.wav,1,score_audio/Mozart_K331_1st-mov.wav,match/Mozart_K331_1st-mov_p19.match
Mozart,Mozart_K331_1st-mov,musicxml_adjusted/Mozart_K331_1st-mov.musicxml,score_midi/Mozart_K331_1st-mov.mid,midi/Mozart_K331_1st-mov_p20.mid,performance_annots/Mozart_K331_1st-mov_p20.tsv,score_annots/Mozart_K331_1st-mov.tsv,audio/Mozart/Mozart_K331_1st-mov_p20.wav,1,score_audio/Mozart_K331_1st-mov.wav,match/Mozart_K331_1st-mov_p20.match
Mozart,Mozart_K331_1st-mov,musicxml_adjusted/Mozart_K331_1st-mov.musicxml,score_midi/Mozart_K331_1st-mov.mid,midi/Mozart_K331_1st-mov_p21.mid,performance_annots/Mozart_K331_1st-mov_p21.tsv,score_annots/Mozart_K331_1st-mov.tsv,audio/Mozart/Mozart_K331_1st-mov_p21.wav,1,score_audio/Mozart_K331_1st-mov.wav,match/Mozart_K331_1st-mov_p21.match
Mozart,Mozart_K331_1st-mov,musicxml_adjusted/Mozart_K331_1st-mov.musicxml,score_midi/Mozart_K331_1st-mov.mid,midi/Mozart_K331_1st-mov_p22.mid,performance_annots/Mozart_K331_1st-mov_p22.tsv,score_annots/Mozart_K331_1st-mov.tsv,audio/Mozart/Mozart_K331_1st-mov_p22.wav,1,score_audio/Mozart_K331_1st-mov.wav,match/Mozart_K331_1st-mov_p22.match
Schubert,Schubert_D783_no15,musicxml_adjusted/Schubert_D783_no15.musicxml,score_midi/Schubert_D783_no15.mid,midi/Schubert_D783_no15_p01.mid,performance_annots/Schubert_D783_no15_p01.tsv,score_annots/Schubert_D783_no15.tsv,audio/Schubert/Schubert_D783_no15_p01.wav,1,score_audio/Schubert_D783_no15.wav,match/Schubert_D783_no15_p01.match
Schubert,Schubert_D783_no15,musicxml_adjusted/Schubert_D783_no15.musicxml,score_midi/Schubert_D783_no15.mid,midi/Schubert_D783_no15_p02.mid,performance_annots/Schubert_D783_no15_p02.tsv,score_annots/Schubert_D783_no15.tsv,audio/Schubert/Schubert_D783_no15_p02.wav,1,score_audio/Schubert_D783_no15.wav,match/Schubert_D783_no15_p02.match
Schubert,Schubert_D783_no15,musicxml_adjusted/Schubert_D783_no15.musicxml,score_midi/Schubert_D783_no15.mid,midi/Schubert_D783_no15_p03.mid,performance_annots/Schubert_D783_no15_p03.tsv,score_annots/Schubert_D783_no15.tsv,audio/Schubert/Schubert_D783_no15_p03.wav,1,score_audio/Schubert_D783_no15.wav,match/Schubert_D783_no15_p03.match
Schubert,Schubert_D783_no15,musicxml_adjusted/Schubert_D783_no15.musicxml,score_midi/Schubert_D783_no15.mid,midi/Schubert_D783_no15_p04.mid,performance_annots/Schubert_D783_no15_p04.tsv,score_annots/Schubert_D783_no15.tsv,audio/Schubert/Schubert_D783_no15_p04.wav,1,score_audio/Schubert_D783_no15.wav,match/Schubert_D783_no15_p04.match
Schubert,Schubert_D783_no15,musicxml_adjusted/Schubert_D783_no15.musicxml,score_midi/Schubert_D783_no15.mid,midi/Schubert_D783_no15_p05.mid,performance_annots/Schubert_D783_no15_p05.tsv,score_annots/Schubert_D783_no15.tsv,audio/Schubert/Schubert_D783_no15_p05.wav,1,score_audio/Schubert_D783_no15.wav,match/Schubert_D783_no15_p05.match
Schubert,Schubert_D783_no15,musicxml_adjusted/Schubert_D783_no15.musicxml,score_midi/Schubert_D783_no15.mid,midi/Schubert_D783_no15_p06.mid,performance_annots/Schubert_D783_no15_p06.tsv,score_annots/Schubert_D783_no15.tsv,audio/Schubert/Schubert_D783_no15_p06.wav,1,score_audio/Schubert_D783_no15.wav,match/Schubert_D783_no15_p06.match
Schubert,Schubert_D783_no15,musicxml_adjusted/Schubert_D783_no15.musicxml,score_midi/Schubert_D783_no15.mid,midi/Schubert_D783_no15_p07.mid,performance_annots/Schubert_D783_no15_p07.tsv,score_annots/Schubert_D783_no15.tsv,audio/Schubert/Schubert_D783_no15_p07.wav,1,score_audio/Schubert_D783_no15.wav,match/Schubert_D783_no15_p07.match
Schubert,Schubert_D783_no15,musicxml_adjusted/Schubert_D783_no15.musicxml,score_midi/Schubert_D783_no15.mid,midi/Schubert_D783_no15_p08.mid,performance_annots/Schubert_D783_no15_p08.tsv,score_annots/Schubert_D783_no15.tsv,audio/Schubert/Schubert_D783_no15_p08.wav,1,score_audio/Schubert_D783_no15.wav,match/Schubert_D783_no15_p08.match
Schubert,Schubert_D783_no15,musicxml_adjusted/Schubert_D783_no15.musicxml,score_midi/Schubert_D783_no15.mid,midi/Schubert_D783_no15_p09.mid,performance_annots/Schubert_D783_no15_p09.tsv,score_annots/Schubert_D783_no15.tsv,audio/Schubert/Schubert_D783_no15_p09.wav,1,score_audio/Schubert_D783_no15.wav,match/Schubert_D783_no15_p09.match
Schubert,Schubert_D783_no15,musicxml_adjusted/Schubert_D783_no15.musicxml,score_midi/Schubert_D783_no15.mid,midi/Schubert_D783_no15_p10.mid,performance_annots/Schubert_D783_no15_p10.tsv,score_annots/Schubert_D783_no15.tsv,audio/Schubert/Schubert_D783_no15_p10.wav,1,score_audio/Schubert_D783_no15.wav,match/Schubert_D783_no15_p10.match
Schubert,Schubert_D783_no15,musicxml_adjusted/Schubert_D783_no15.musicxml,score_midi/Schubert_D783_no15.mid,midi/Schubert_D783_no15_p11.mid,performance_annots/Schubert_D783_no15_p11.tsv,score_annots/Schubert_D783_no15.tsv,audio/Schubert/Schubert_D783_no15_p11.wav,1,score_audio/Schubert_D783_no15.wav,match/Schubert_D783_no15_p11.match
Schubert,Schubert_D783_no15,musicxml_adjusted/Schubert_D783_no15.musicxml,score_midi/Schubert_D783_no15.mid,midi/Schubert_D783_no15_p12.mid,performance_annots/Schubert_D783_no15_p12.tsv,score_annots/Schubert_D783_no15.tsv,audio/Schubert/Schubert_D783_no15_p12.wav,1,score_audio/Schubert_D783_no15.wav,match/Schubert_D783_no15_p12.match
Schubert,Schubert_D783_no15,musicxml_adjusted/Schubert_D783_no15.musicxml,score_midi/Schubert_D783_no15.mid,midi/Schubert_D783_no15_p13.mid,performance_annots/Schubert_D783_no15_p13.tsv,score_annots/Schubert_D783_no15.tsv,audio/Schubert/Schubert_D783_no15_p13.wav,1,score_audio/Schubert_D783_no15.wav,match/Schubert_D783_no15_p13.match
Schubert,Schubert_D783_no15,musicxml_adjusted/Schubert_D783_no15.musicxml,score_midi/Schubert_D783_no15.mid,midi/Schubert_D783_no15_p14.mid,performance_annots/Schubert_D783_no15_p14.tsv,score_annots/Schubert_D783_no15.tsv,audio/Schubert/Schubert_D783_no15_p14.wav,1,score_audio/Schubert_D783_no15.wav,match/Schubert_D783_no15_p14.match
Schubert,Schubert_D783_no15,musicxml_adjusted/Schubert_D783_no15.musicxml,score_midi/Schubert_D783_no15.mid,midi/Schubert_D783_no15_p15.mid,performance_annots/Schubert_D783_no15_p15.tsv,score_annots/Schubert_D783_no15.tsv,audio/Schubert/Schubert_D783_no15_p15.wav,1,score_audio/Schubert_D783_no15.wav,match/Schubert_D783_no15_p15.match
Schubert,Schubert_D783_no15,musicxml_adjusted/Schubert_D783_no15.musicxml,score_midi/Schubert_D783_no15.mid,midi/Schubert_D783_no15_p16.mid,performance_annots/Schubert_D783_no15_p16.tsv,score_annots/Schubert_D783_no15.tsv,audio/Schubert/Schubert_D783_no15_p16.wav,1,score_audio/Schubert_D783_no15.wav,match/Schubert_D783_no15_p16.match
Schubert,Schubert_D783_no15,musicxml_adjusted/Schubert_D783_no15.musicxml,score_midi/Schubert_D783_no15.mid,midi/Schubert_D783_no15_p17.mid,performance_annots/Schubert_D783_no15_p17.tsv,score_annots/Schubert_D783_no15.tsv,audio/Schubert/Schubert_D783_no15_p17.wav,1,score_audio/Schubert_D783_no15.wav,match/Schubert_D783_no15_p17.match
Schubert,Schubert_D783_no15,musicxml_adjusted/Schubert_D783_no15.musicxml,score_midi/Schubert_D783_no15.mid,midi/Schubert_D783_no15_p18.mid,performance_annots/Schubert_D783_no15_p18.tsv,score_annots/Schubert_D783_no15.tsv,audio/Schubert/Schubert_D783_no15_p18.wav,1,score_audio/Schubert_D783_no15.wav,match/Schubert_D783_no15_p18.match
Schubert,Schubert_D783_no15,musicxml_adjusted/Schubert_D783_no15.musicxml,score_midi/Schubert_D783_no15.mid,midi/Schubert_D783_no15_p19.mid,performance_annots/Schubert_D783_no15_p19.tsv,score_annots/Schubert_D783_no15.tsv,audio/Schubert/Schubert_D783_no15_p19.wav,1,score_audio/Schubert_D783_no15.wav,match/Schubert_D783_no15_p19.match
Schubert,Schubert_D783_no15,musicxml_adjusted/Schubert_D783_no15.musicxml,score_midi/Schubert_D783_no15.mid,midi/Schubert_D783_no15_p20.mid,performance_annots/Schubert_D783_no15_p20.tsv,score_annots/Schubert_D783_no15.tsv,audio/Schubert/Schubert_D783_no15_p20.wav,1,score_audio/Schubert_D783_no15.wav,match/Schubert_D783_no15_p20.match
Schubert,Schubert_D783_no15,musicxml_adjusted/Schubert_D783_no15.musicxml,score_midi/Schubert_D783_no15.mid,midi/Schubert_D783_no15_p21.mid,performance_annots/Schubert_D783_no15_p21.tsv,score_annots/Schubert_D783_no15.tsv,audio/Schubert/Schubert_D783_no15_p21.wav,1,score_audio/Schubert_D783_no15.wav,match/Schubert_D783_no15_p21.match
Schubert,Schubert_D783_no15,musicxml_adjusted/Schubert_D783_no15.musicxml,score_midi/Schubert_D783_no15.mid,midi/Schubert_D783_no15_p22.mid,performance_annots/Schubert_D783_no15_p22.tsv,score_annots/Schubert_D783_no15.tsv,audio/Schubert/Schubert_D783_no15_p22.wav,1,score_audio/Schubert_D783_no15.wav,match/Schubert_D783_no15_p22.match
