composer,title,xml_score,performance_annotations,audio_performance
Beethoven,beethoven_op002_no2_mv1,musicxml/beethoven_op002_no2_mv1.musicxml,annotations/beethoven_op002_no2_mv1_note_annotations.txt,audio_kaist/beethoven_op002_no2_mv1.wav
Beethoven,beethoven_op002_no2_mv2,musicxml/beethoven_op002_no2_mv2.musicxml,annotations/beethoven_op002_no2_mv2_note_annotations.txt,audio_kaist/beethoven_op002_no2_mv2.wav
Beethoven,beethoven_op002_no2_mv3,musicxml/beethoven_op002_no2_mv3.musicxml,annotations/beethoven_op002_no2_mv3_note_annotations.txt,audio_kaist/beethoven_op002_no2_mv3.wav
Beethoven,beethoven_op002_no2_mv4,musicxml/beethoven_op002_no2_mv4.musicxml,annotations/beethoven_op002_no2_mv4_note_annotations.txt,audio_kaist/beethoven_op002_no2_mv4.wav
Beethoven,beethoven_op013_mv1,musicxml/beethoven_op013_mv1.musicxml,annotations/beethoven_op013_mv1_note_annotations.txt,audio_kaist/beethoven_op013_mv1.wav
Beethoven,beethoven_op013_mv2,musicxml/beethoven_op013_mv2.musicxml,annotations/beethoven_op013_mv2_note_annotations.txt,audio_kaist/beethoven_op013_mv2.wav
Beethoven,beethoven_op013_mv3,musicxml/beethoven_op013_mv3.musicxml,annotations/beethoven_op013_mv3_note_annotations.txt,audio_kaist/beethoven_op013_mv3.wav
Beethoven,beethoven_op014_no1_mv1,musicxml/beethoven_op014_no1_mv1.musicxml,annotations/beethoven_op014_no1_mv1_note_annotations.txt,audio_kaist/beethoven_op014_no1_mv1.wav
Beethoven,beethoven_op014_no1_mv2,musicxml/beethoven_op014_no1_mv2.musicxml,annotations/beethoven_op014_no1_mv2_note_annotations.txt,audio_kaist/beethoven_op014_no1_mv2.wav
Beethoven,beethoven_op014_no1_mv3,musicxml/beethoven_op014_no1_mv3.musicxml,annotations/beethoven_op014_no1_mv3_note_annotations.txt,audio_kaist/beethoven_op014_no1_mv3.wav
Beethoven,beethoven_op026_mv1,musicxml/beethoven_op026_mv1.musicxml,annotations/beethoven_op026_mv1_note_annotations.txt,audio_kaist/beethoven_op026_mv1.wav
Beethoven,beethoven_op026_mv2,musicxml/beethoven_op026_mv2.musicxml,annotations/beethoven_op026_mv2_note_annotations.txt,audio_kaist/beethoven_op026_mv2.wav
Beethoven,beethoven_op026_mv3,musicxml/beethoven_op026_mv3.musicxml,annotations/beethoven_op026_mv3_note_annotations.txt,audio_kaist/beethoven_op026_mv3.wav
Beethoven,beethoven_op026_mv4,musicxml/beethoven_op026_mv4.musicxml,annotations/beethoven_op026_mv4_note_annotations.txt,audio_kaist/beethoven_op026_mv4.wav
Beethoven,beethoven_op027_no2_mv1,musicxml/beethoven_op027_no2_mv1.musicxml,annotations/beethoven_op027_no2_mv1_note_annotations.txt,audio_kaist/beethoven_op027_no2_mv1.wav
Beethoven,beethoven_op027_no2_mv2,musicxml/beethoven_op027_no2_mv2.musicxml,annotations/beethoven_op027_no2_mv2_note_annotations.txt,audio_kaist/beethoven_op027_no2_mv2.wav
Beethoven,beethoven_op027_no2_mv3,musicxml/beethoven_op027_no2_mv3.musicxml,annotations/beethoven_op027_no2_mv3_note_annotations.txt,audio_kaist/beethoven_op027_no2_mv3.wav
Beethoven,beethoven_op031_no2_mv1,musicxml/beethoven_op031_no2_mv1.musicxml,annotations/beethoven_op031_no2_mv1_note_annotations.txt,audio_kaist/beethoven_op031_no2_mv1.wav
Beethoven,beethoven_op031_no2_mv2,musicxml/beethoven_op031_no2_mv2.musicxml,annotations/beethoven_op031_no2_mv2_note_annotations.txt,audio_kaist/beethoven_op031_no2_mv2.wav
Beethoven,beethoven_op031_no2_mv3,musicxml/beethoven_op031_no2_mv3.musicxml,annotations/beethoven_op031_no2_mv3_note_annotations.txt,audio_kaist/beethoven_op031_no2_mv3.wav
Beethoven,beethoven_op053_mv1,musicxml/beethoven_op053_mv1.musicxml,annotations/beethoven_op053_mv1_note_annotations.txt,audio_kaist/beethoven_op053_mv1.wav
Beethoven,beethoven_op053_mv2,musicxml/beethoven_op053_mv2.musicxml,annotations/beethoven_op053_mv2_note_annotations.txt,audio_kaist/beethoven_op053_mv2.wav
Beethoven,beethoven_op053_mv3,musicxml/beethoven_op053_mv3.musicxml,annotations/beethoven_op053_mv3_note_annotations.txt,audio_kaist/beethoven_op053_mv3.wav
Beethoven,beethoven_op109_mv1,musicxml/beethoven_op109_mv1.musicxml,annotations/beethoven_op109_mv1_note_annotations.txt,audio_kaist/beethoven_op109_mv1.wav
Beethoven,beethoven_op109_mv2,musicxml/beethoven_op109_mv2.musicxml,annotations/beethoven_op109_mv2_note_annotations.txt,audio_kaist/beethoven_op109_mv2.wav
Beethoven,beethoven_op109_mv3,musicxml/beethoven_op109_mv3.musicxml,annotations/beethoven_op109_mv3_note_annotations.txt,audio_kaist/beethoven_op109_mv3.wav
Beethoven,beethoven_op110_mv1,musicxml/beethoven_op110_mv1.musicxml,annotations/beethoven_op110_mv1_note_annotations.txt,audio_kaist/beethoven_op110_mv1.wav
Beethoven,beethoven_op110_mv2,musicxml/beethoven_op110_mv2.musicxml,annotations/beethoven_op110_mv2_note_annotations.txt,audio_kaist/beethoven_op110_mv2.wav
Beethoven,beethoven_op110_mv3,musicxml/beethoven_op110_mv3.musicxml,annotations/beethoven_op110_mv3_note_annotations.txt,audio_kaist/beethoven_op110_mv3.wav
Beethoven,beethoven_op110_mv4,musicxml/beethoven_op110_mv4.musicxml,annotations/beethoven_op110_mv4_note_annotations.txt,audio_kaist/beethoven_op110_mv4.wav