title,category,xml_score,midi_performance,match
Deletions:kv279_3-insdel-bpm_120-insertion_ratio_0.00-deletion_ratio_0.01,Deletions,~/data/batik_plays_mozart/scores_edited/kv279_3.musicxml,midi/Deletions/kv279_3-insdel-bpm_120-insertion_ratio_0.00-deletion_ratio_0.01.mid,match/Deletions/kv279_3-insdel-bpm_120-insertion_ratio_0.00-deletion_ratio_0.01.match
Deletions:kv279_3-insdel-bpm_120-insertion_ratio_0.00-deletion_ratio_0.05,Deletions,~/data/batik_plays_mozart/scores_edited/kv279_3.musicxml,midi/Deletions/kv279_3-insdel-bpm_120-insertion_ratio_0.00-deletion_ratio_0.05.mid,match/Deletions/kv279_3-insdel-bpm_120-insertion_ratio_0.00-deletion_ratio_0.05.match
Deletions:kv279_3-insdel-bpm_120-insertion_ratio_0.00-deletion_ratio_0.10,Deletions,~/data/batik_plays_mozart/scores_edited/kv279_3.musicxml,midi/Deletions/kv279_3-insdel-bpm_120-insertion_ratio_0.00-deletion_ratio_0.10.mid,match/Deletions/kv279_3-insdel-bpm_120-insertion_ratio_0.00-deletion_ratio_0.10.match
Deletions:kv279_3-insdel-bpm_120-insertion_ratio_0.00-deletion_ratio_0.20,Deletions,~/data/batik_plays_mozart/scores_edited/kv279_3.musicxml,midi/Deletions/kv279_3-insdel-bpm_120-insertion_ratio_0.00-deletion_ratio_0.20.mid,match/Deletions/kv279_3-insdel-bpm_120-insertion_ratio_0.00-deletion_ratio_0.20.match
Deletions:kv279_3-insdel-bpm_140-insertion_ratio_0.00-deletion_ratio_0.01,Deletions,~/data/batik_plays_mozart/scores_edited/kv279_3.musicxml,midi/Deletions/kv279_3-insdel-bpm_140-insertion_ratio_0.00-deletion_ratio_0.01.mid,match/Deletions/kv279_3-insdel-bpm_140-insertion_ratio_0.00-deletion_ratio_0.01.match
Deletions:kv279_3-insdel-bpm_140-insertion_ratio_0.00-deletion_ratio_0.05,Deletions,~/data/batik_plays_mozart/scores_edited/kv279_3.musicxml,midi/Deletions/kv279_3-insdel-bpm_140-insertion_ratio_0.00-deletion_ratio_0.05.mid,match/Deletions/kv279_3-insdel-bpm_140-insertion_ratio_0.00-deletion_ratio_0.05.match
Deletions:kv279_3-insdel-bpm_140-insertion_ratio_0.00-deletion_ratio_0.10,Deletions,~/data/batik_plays_mozart/scores_edited/kv279_3.musicxml,midi/Deletions/kv279_3-insdel-bpm_140-insertion_ratio_0.00-deletion_ratio_0.10.mid,match/Deletions/kv279_3-insdel-bpm_140-insertion_ratio_0.00-deletion_ratio_0.10.match
Deletions:kv279_3-insdel-bpm_140-insertion_ratio_0.00-deletion_ratio_0.20,Deletions,~/data/batik_plays_mozart/scores_edited/kv279_3.musicxml,midi/Deletions/kv279_3-insdel-bpm_140-insertion_ratio_0.00-deletion_ratio_0.20.mid,match/Deletions/kv279_3-insdel-bpm_140-insertion_ratio_0.00-deletion_ratio_0.20.match
Insertions:kv279_3-insdel-bpm_120-insertion_ratio_0.01-deletion_ratio_0.00,Insertions,~/data/batik_plays_mozart/scores_edited/kv279_3.musicxml,midi/Insertions/kv279_3-insdel-bpm_120-insertion_ratio_0.01-deletion_ratio_0.00.mid,match/Insertions/kv279_3-insdel-bpm_120-insertion_ratio_0.01-deletion_ratio_0.00.match
Insertions:kv279_3-insdel-bpm_120-insertion_ratio_0.05-deletion_ratio_0.00,Insertions,~/data/batik_plays_mozart/scores_edited/kv279_3.musicxml,midi/Insertions/kv279_3-insdel-bpm_120-insertion_ratio_0.05-deletion_ratio_0.00.mid,match/Insertions/kv279_3-insdel-bpm_120-insertion_ratio_0.05-deletion_ratio_0.00.match
Insertions:kv279_3-insdel-bpm_120-insertion_ratio_0.10-deletion_ratio_0.00,Insertions,~/data/batik_plays_mozart/scores_edited/kv279_3.musicxml,midi/Insertions/kv279_3-insdel-bpm_120-insertion_ratio_0.10-deletion_ratio_0.00.mid,match/Insertions/kv279_3-insdel-bpm_120-insertion_ratio_0.10-deletion_ratio_0.00.match
Insertions:kv279_3-insdel-bpm_120-insertion_ratio_0.20-deletion_ratio_0.00,Insertions,~/data/batik_plays_mozart/scores_edited/kv279_3.musicxml,midi/Insertions/kv279_3-insdel-bpm_120-insertion_ratio_0.20-deletion_ratio_0.00.mid,match/Insertions/kv279_3-insdel-bpm_120-insertion_ratio_0.20-deletion_ratio_0.00.match
Insertions:kv279_3-insdel-bpm_140-insertion_ratio_0.01-deletion_ratio_0.00,Insertions,~/data/batik_plays_mozart/scores_edited/kv279_3.musicxml,midi/Insertions/kv279_3-insdel-bpm_140-insertion_ratio_0.01-deletion_ratio_0.00.mid,match/Insertions/kv279_3-insdel-bpm_140-insertion_ratio_0.01-deletion_ratio_0.00.match
Insertions:kv279_3-insdel-bpm_140-insertion_ratio_0.05-deletion_ratio_0.00,Insertions,~/data/batik_plays_mozart/scores_edited/kv279_3.musicxml,midi/Insertions/kv279_3-insdel-bpm_140-insertion_ratio_0.05-deletion_ratio_0.00.mid,match/Insertions/kv279_3-insdel-bpm_140-insertion_ratio_0.05-deletion_ratio_0.00.match
Insertions:kv279_3-insdel-bpm_140-insertion_ratio_0.10-deletion_ratio_0.00,Insertions,~/data/batik_plays_mozart/scores_edited/kv279_3.musicxml,midi/Insertions/kv279_3-insdel-bpm_140-insertion_ratio_0.10-deletion_ratio_0.00.mid,match/Insertions/kv279_3-insdel-bpm_140-insertion_ratio_0.10-deletion_ratio_0.00.match
Insertions:kv279_3-insdel-bpm_140-insertion_ratio_0.20-deletion_ratio_0.00,Insertions,~/data/batik_plays_mozart/scores_edited/kv279_3.musicxml,midi/Insertions/kv279_3-insdel-bpm_140-insertion_ratio_0.20-deletion_ratio_0.00.mid,match/Insertions/kv279_3-insdel-bpm_140-insertion_ratio_0.20-deletion_ratio_0.00.match
Oscillations:kv279_3-sine-freq0.0625-min_tempo_110-max_tempo_150,Oscillations,~/data/batik_plays_mozart/scores_edited/kv279_3.musicxml,midi/Oscillations/kv279_3-sine-freq0.0625-min_tempo_110-max_tempo_150.mid,match/Oscillations/kv279_3-sine-freq0.0625-min_tempo_110-max_tempo_150.match
Oscillations:kv279_3-sine-freq0.0625-min_tempo_120-max_tempo_145,Oscillations,~/data/batik_plays_mozart/scores_edited/kv279_3.musicxml,midi/Oscillations/kv279_3-sine-freq0.0625-min_tempo_120-max_tempo_145.mid,match/Oscillations/kv279_3-sine-freq0.0625-min_tempo_120-max_tempo_145.match
Oscillations:kv279_3-sine-freq0.0625-min_tempo_60-max_tempo_168,Oscillations,~/data/batik_plays_mozart/scores_edited/kv279_3.musicxml,midi/Oscillations/kv279_3-sine-freq0.0625-min_tempo_60-max_tempo_168.mid,match/Oscillations/kv279_3-sine-freq0.0625-min_tempo_60-max_tempo_168.match
Oscillations:kv279_3-sine-freq0.5000-min_tempo_110-max_tempo_150,Oscillations,~/data/batik_plays_mozart/scores_edited/kv279_3.musicxml,midi/Oscillations/kv279_3-sine-freq0.5000-min_tempo_110-max_tempo_150.mid,match/Oscillations/kv279_3-sine-freq0.5000-min_tempo_110-max_tempo_150.match
Oscillations:kv279_3-sine-freq0.5000-min_tempo_120-max_tempo_145,Oscillations,~/data/batik_plays_mozart/scores_edited/kv279_3.musicxml,midi/Oscillations/kv279_3-sine-freq0.5000-min_tempo_120-max_tempo_145.mid,match/Oscillations/kv279_3-sine-freq0.5000-min_tempo_120-max_tempo_145.match
Oscillations:kv279_3-sine-freq0.5000-min_tempo_60-max_tempo_168,Oscillations,~/data/batik_plays_mozart/scores_edited/kv279_3.musicxml,midi/Oscillations/kv279_3-sine-freq0.5000-min_tempo_60-max_tempo_168.mid,match/Oscillations/kv279_3-sine-freq0.5000-min_tempo_60-max_tempo_168.match
Oscillations:kv279_3-step-freq0.0625-min_tempo_110-max_tempo_150,Oscillations,~/data/batik_plays_mozart/scores_edited/kv279_3.musicxml,midi/Oscillations/kv279_3-step-freq0.0625-min_tempo_110-max_tempo_150.mid,match/Oscillations/kv279_3-step-freq0.0625-min_tempo_110-max_tempo_150.match
Oscillations:kv279_3-step-freq0.0625-min_tempo_120-max_tempo_145,Oscillations,~/data/batik_plays_mozart/scores_edited/kv279_3.musicxml,midi/Oscillations/kv279_3-step-freq0.0625-min_tempo_120-max_tempo_145.mid,match/Oscillations/kv279_3-step-freq0.0625-min_tempo_120-max_tempo_145.match
Oscillations:kv279_3-step-freq0.0625-min_tempo_60-max_tempo_168,Oscillations,~/data/batik_plays_mozart/scores_edited/kv279_3.musicxml,midi/Oscillations/kv279_3-step-freq0.0625-min_tempo_60-max_tempo_168.mid,match/Oscillations/kv279_3-step-freq0.0625-min_tempo_60-max_tempo_168.match
Oscillations:kv279_3-step-freq0.5000-min_tempo_110-max_tempo_150,Oscillations,~/data/batik_plays_mozart/scores_edited/kv279_3.musicxml,midi/Oscillations/kv279_3-step-freq0.5000-min_tempo_110-max_tempo_150.mid,match/Oscillations/kv279_3-step-freq0.5000-min_tempo_110-max_tempo_150.match
Oscillations:kv279_3-step-freq0.5000-min_tempo_120-max_tempo_145,Oscillations,~/data/batik_plays_mozart/scores_edited/kv279_3.musicxml,midi/Oscillations/kv279_3-step-freq0.5000-min_tempo_120-max_tempo_145.mid,match/Oscillations/kv279_3-step-freq0.5000-min_tempo_120-max_tempo_145.match
Oscillations:kv279_3-step-freq0.5000-min_tempo_60-max_tempo_168,Oscillations,~/data/batik_plays_mozart/scores_edited/kv279_3.musicxml,midi/Oscillations/kv279_3-step-freq0.5000-min_tempo_60-max_tempo_168.mid,match/Oscillations/kv279_3-step-freq0.5000-min_tempo_60-max_tempo_168.match
Ramp:kv279_3-accel-ftype_lin-min_tempo_120-max_tempo_145,Ramp,~/data/batik_plays_mozart/scores_edited/kv279_3.musicxml,midi/Ramp/kv279_3-accel-ftype_lin-min_tempo_120-max_tempo_145.mid,match/Ramp/kv279_3-accel-ftype_lin-min_tempo_120-max_tempo_145.match
Ramp:kv279_3-accel-ftype_lin-min_tempo_60-max_tempo_168,Ramp,~/data/batik_plays_mozart/scores_edited/kv279_3.musicxml,midi/Ramp/kv279_3-accel-ftype_lin-min_tempo_60-max_tempo_168.mid,match/Ramp/kv279_3-accel-ftype_lin-min_tempo_60-max_tempo_168.match
Ramp:kv279_3-rall-ftype_lin-min_tempo_120-max_tempo_145,Ramp,~/data/batik_plays_mozart/scores_edited/kv279_3.musicxml,midi/Ramp/kv279_3-rall-ftype_lin-min_tempo_120-max_tempo_145.mid,match/Ramp/kv279_3-rall-ftype_lin-min_tempo_120-max_tempo_145.match
Ramp:kv279_3-rall-ftype_lin-min_tempo_60-max_tempo_168,Ramp,~/data/batik_plays_mozart/scores_edited/kv279_3.musicxml,midi/Ramp/kv279_3-rall-ftype_lin-min_tempo_60-max_tempo_168.mid,match/Ramp/kv279_3-rall-ftype_lin-min_tempo_60-max_tempo_168.match
Fumbles:kv279_3-fumbles,Fumbles,~/data/batik_plays_mozart/scores_edited/kv279_3.musicxml,midi/Fumbles/kv279_3-fumbles.mid,match/Fumbles/kv279_3-fumbles.match
Section_Repetition:kv279_3-repetition-bpm_120,Section_Repetition,~/data/batik_plays_mozart/scores_edited/kv279_3.musicxml,midi/Section_Repetition/kv279_3-repetition-bpm_120.mid,match/Section_Repetition/kv279_3-repetition-bpm_120.match
