dataset,title,score_file,midi_performance_file,audio_performance_file,estimated_bpm
batik,kv279_2,scores_edited/kv279_2.musicxml,midi/kv279_2.mid,wav/k279_2.wav,33
batik,kv280_2,scores_edited/kv280_2.musicxml,midi/kv280_2.mid,wav/k280_2.wav,63
batik,kv280_3,scores_edited/kv280_3.musicxml,midi/kv280_3.mid,wav/k280_3.wav,128
batik,kv281_1,scores_edited/kv281_1.musicxml,midi/kv281_1.mid,wav/k281_1.wav,49
batik,kv281_2,scores_edited/kv281_2.musicxml,midi/kv281_2.mid,wav/k281_2.wav,56
batik,kv281_3,scores_edited/kv281_3.musicxml,midi/kv281_3.mid,wav/k281_3.wav,73
batik,kv282_1,scores_edited/kv282_1.musicxml,midi/kv282_1.mid,wav/k282_1.wav,19
batik,kv282_2,scores_edited/kv282_2.musicxml,midi/kv282_2.mid,wav/k282_2.wav,50
batik,kv283_2,scores_edited/kv283_2.musicxml,midi/kv283_2.mid,wav/k283_2.wav,20
batik,kv284_1,scores_edited/kv284_1.musicxml,midi/kv284_1.mid,wav/k284_1.wav,97
batik,kv284_2,scores_edited/kv284_2.musicxml,midi/kv284_2.mid,wav/k284_2.wav,56
batik,kv284_3,scores_edited/kv284_3.musicxml,midi/kv284_3.mid,wav/k284_3.wav,35
batik,kv330_1,scores_edited/kv330_1.musicxml,midi/kv330_1.mid,wav/k330_1.wav,48
batik,kv330_2,scores_edited/kv330_2.musicxml,midi/kv330_2.mid,wav/k330_2.wav,29
batik,kv330_3,scores_edited/kv330_3.musicxml,midi/kv330_3.mid,wav/k330_3.wav,60
batik,kv331_1,scores_edited/kv331_1.musicxml,midi/kv331_1.mid,wav/k331_1.wav,57
batik,kv331_2,scores_edited/kv331_2.musicxml,midi/kv331_2.mid,wav/k331_2.wav,52
batik,kv331_3,scores_edited/kv331_3.musicxml,midi/kv331_3.mid,wav/k331_3.wav,75
batik,kv332_1,scores_edited/kv332_1.musicxml,midi/kv332_1.mid,wav/k332_1.wav,115
batik,kv332_2,scores_edited/kv332_2.musicxml,midi/kv332_2.mid,wav/k332_2.wav,32
batik,kv332_3,scores_edited/kv332_3.musicxml,midi/kv332_3.mid,wav/k332_3.wav,212
batik,kv333_1,scores_edited/kv333_1.musicxml,midi/kv333_1.mid,wav/k333_1.wav,99
batik,kv333_2,scores_edited/kv333_2.musicxml,midi/kv333_2.mid,wav/k333_2.wav,33
batik,kv333_3,scores_edited/kv333_3.musicxml,midi/kv333_3.mid,wav/k333_3.wav,71
batik,kv457_1,scores_edited/kv457_1.musicxml,midi/kv457_1.mid,wav/k457_1.wav,118
batik,kv457_2,scores_edited/kv457_2.musicxml,midi/kv457_2.mid,wav/k457_2.wav,30
batik,kv457_3,scores_edited/kv457_3.musicxml,midi/kv457_3.mid,wav/k457_3.wav,209
batik,kv533_1,scores_edited/kv533_1.musicxml,midi/kv533_1.mid,wav/k533_1.wav,57
batik,kv533_2,scores_edited/kv533_2.musicxml,midi/kv533_2.mid,wav/k533_2.wav,53
batik,kv533_3,scores_edited/kv533_3.musicxml,midi/kv533_3.mid,wav/k533_3.wav,55
