dataset,title,audio_performance_file,estimated_bpm,folder
chorale,AusMeinesHerzensGrunde,tracks_normalized/01_as.wav,100,01_AudioAndAnnotations/Anonymous_AusMeinesHerzensGrunde
chorale,AusMeinesHerzensGrunde,tracks_normalized/01_bar.wav,100,01_AudioAndAnnotations/Anonymous_AusMeinesHerzensGrunde
chorale,AusMeinesHerzensGrunde,tracks_normalized/01_cl.wav,100,01_AudioAndAnnotations/Anonymous_AusMeinesHerzensGrunde
chorale,AusMeinesHerzensGrunde,tracks_normalized/01_fh.wav,100,01_AudioAndAnnotations/Anonymous_AusMeinesHerzensGrunde
chorale,AusMeinesHerzensGrunde,tracks_normalized/01_ob.wav,100,01_AudioAndAnnotations/Anonymous_AusMeinesHerzensGrunde
chorale,AusMeinesHerzensGrunde,tracks_normalized/01_tp.wav,100,01_AudioAndAnnotations/Anonymous_AusMeinesHerzensGrunde
chorale,AusMeinesHerzensGrunde,tracks_normalized/02_as.wav,100,01_AudioAndAnnotations/Anonymous_AusMeinesHerzensGrunde
chorale,AusMeinesHerzensGrunde,tracks_normalized/02_cl.wav,100,01_AudioAndAnnotations/Anonymous_AusMeinesHerzensGrunde
chorale,AusMeinesHerzensGrunde,tracks_normalized/02_eh.wav,100,01_AudioAndAnnotations/Anonymous_AusMeinesHerzensGrunde
chorale,AusMeinesHerzensGrunde,tracks_normalized/02_fh.wav,100,01_AudioAndAnnotations/Anonymous_AusMeinesHerzensGrunde
chorale,AusMeinesHerzensGrunde,tracks_normalized/02_tp.wav,100,01_AudioAndAnnotations/Anonymous_AusMeinesHerzensGrunde
chorale,AusMeinesHerzensGrunde,tracks_normalized/03_bar.wav,100,01_AudioAndAnnotations/Anonymous_AusMeinesHerzensGrunde
chorale,AusMeinesHerzensGrunde,tracks_normalized/03_bs.wav,100,01_AudioAndAnnotations/Anonymous_AusMeinesHerzensGrunde
chorale,AusMeinesHerzensGrunde,tracks_normalized/04_bar.wav,100,01_AudioAndAnnotations/Anonymous_AusMeinesHerzensGrunde
chorale,AusMeinesHerzensGrunde,tracks_normalized/04_bcl.wav,100,01_AudioAndAnnotations/Anonymous_AusMeinesHerzensGrunde
chorale,AusMeinesHerzensGrunde,tracks_normalized/04_bs.wav,100,01_AudioAndAnnotations/Anonymous_AusMeinesHerzensGrunde
chorale,AusMeinesHerzensGrunde,tracks_normalized/04_tba.wav,100,01_AudioAndAnnotations/Anonymous_AusMeinesHerzensGrunde
chorale,IchStehAnDeinerKrippe,tracks_normalized/01_as.wav,75,01_AudioAndAnnotations/Bach_IchStehAnDeinerKrippe
chorale,IchStehAnDeinerKrippe,tracks_normalized/01_cl.wav,75,01_AudioAndAnnotations/Bach_IchStehAnDeinerKrippe
chorale,IchStehAnDeinerKrippe,tracks_normalized/01_fh.wav,75,01_AudioAndAnnotations/Bach_IchStehAnDeinerKrippe
chorale,IchStehAnDeinerKrippe,tracks_normalized/01_fl.wav,75,01_AudioAndAnnotations/Bach_IchStehAnDeinerKrippe
chorale,IchStehAnDeinerKrippe,tracks_normalized/01_ob.wav,75,01_AudioAndAnnotations/Bach_IchStehAnDeinerKrippe
chorale,IchStehAnDeinerKrippe,tracks_normalized/01_tp.wav,75,01_AudioAndAnnotations/Bach_IchStehAnDeinerKrippe
chorale,IchStehAnDeinerKrippe,tracks_normalized/02_as.wav,75,01_AudioAndAnnotations/Bach_IchStehAnDeinerKrippe
chorale,IchStehAnDeinerKrippe,tracks_normalized/02_cl.wav,75,01_AudioAndAnnotations/Bach_IchStehAnDeinerKrippe
chorale,IchStehAnDeinerKrippe,tracks_normalized/02_eh.wav,75,01_AudioAndAnnotations/Bach_IchStehAnDeinerKrippe
chorale,IchStehAnDeinerKrippe,tracks_normalized/02_fh.wav,75,01_AudioAndAnnotations/Bach_IchStehAnDeinerKrippe
chorale,IchStehAnDeinerKrippe,tracks_normalized/02_fho.wav,75,01_AudioAndAnnotations/Bach_IchStehAnDeinerKrippe
chorale,IchStehAnDeinerKrippe,tracks_normalized/02_tp.wav,75,01_AudioAndAnnotations/Bach_IchStehAnDeinerKrippe
chorale,IchStehAnDeinerKrippe,tracks_normalized/03_bar.wav,75,01_AudioAndAnnotations/Bach_IchStehAnDeinerKrippe
chorale,IchStehAnDeinerKrippe,tracks_normalized/03_bs.wav,75,01_AudioAndAnnotations/Bach_IchStehAnDeinerKrippe
chorale,IchStehAnDeinerKrippe,tracks_normalized/03_fho.wav,75,01_AudioAndAnnotations/Bach_IchStehAnDeinerKrippe
chorale,IchStehAnDeinerKrippe,tracks_normalized/04_bar.wav,75,01_AudioAndAnnotations/Bach_IchStehAnDeinerKrippe
chorale,IchStehAnDeinerKrippe,tracks_normalized/04_bcl.wav,75,01_AudioAndAnnotations/Bach_IchStehAnDeinerKrippe
chorale,IchStehAnDeinerKrippe,tracks_normalized/04_bs.wav,75,01_AudioAndAnnotations/Bach_IchStehAnDeinerKrippe
chorale,IchStehAnDeinerKrippe,tracks_normalized/04_tb.wav,75,01_AudioAndAnnotations/Bach_IchStehAnDeinerKrippe
chorale,IchStehAnDeinerKrippe,tracks_normalized/04_tba.wav,75,01_AudioAndAnnotations/Bach_IchStehAnDeinerKrippe
chorale,AufAufMeinHerzMitFreuden,tracks_normalized/01_as.wav,96,01_AudioAndAnnotations/Crueger_AufAufMeinHerzMitFreuden
chorale,AufAufMeinHerzMitFreuden,tracks_normalized/01_cl.wav,96,01_AudioAndAnnotations/Crueger_AufAufMeinHerzMitFreuden
chorale,AufAufMeinHerzMitFreuden,tracks_normalized/01_fh.wav,96,01_AudioAndAnnotations/Crueger_AufAufMeinHerzMitFreuden
chorale,AufAufMeinHerzMitFreuden,tracks_normalized/01_fl.wav,96,01_AudioAndAnnotations/Crueger_AufAufMeinHerzMitFreuden
chorale,AufAufMeinHerzMitFreuden,tracks_normalized/01_ob.wav,96,01_AudioAndAnnotations/Crueger_AufAufMeinHerzMitFreuden
chorale,AufAufMeinHerzMitFreuden,tracks_normalized/01_tp.wav,96,01_AudioAndAnnotations/Crueger_AufAufMeinHerzMitFreuden
chorale,AufAufMeinHerzMitFreuden,tracks_normalized/02_as.wav,96,01_AudioAndAnnotations/Crueger_AufAufMeinHerzMitFreuden
chorale,AufAufMeinHerzMitFreuden,tracks_normalized/02_cl.wav,96,01_AudioAndAnnotations/Crueger_AufAufMeinHerzMitFreuden
chorale,AufAufMeinHerzMitFreuden,tracks_normalized/02_eh.wav,96,01_AudioAndAnnotations/Crueger_AufAufMeinHerzMitFreuden
chorale,AufAufMeinHerzMitFreuden,tracks_normalized/02_fh.wav,96,01_AudioAndAnnotations/Crueger_AufAufMeinHerzMitFreuden
chorale,AufAufMeinHerzMitFreuden,tracks_normalized/02_tp.wav,96,01_AudioAndAnnotations/Crueger_AufAufMeinHerzMitFreuden
chorale,AufAufMeinHerzMitFreuden,tracks_normalized/03_bar.wav,96,01_AudioAndAnnotations/Crueger_AufAufMeinHerzMitFreuden
chorale,AufAufMeinHerzMitFreuden,tracks_normalized/03_bcl.wav,96,01_AudioAndAnnotations/Crueger_AufAufMeinHerzMitFreuden
chorale,AufAufMeinHerzMitFreuden,tracks_normalized/03_bs.wav,96,01_AudioAndAnnotations/Crueger_AufAufMeinHerzMitFreuden
chorale,AufAufMeinHerzMitFreuden,tracks_normalized/03_fho.wav,96,01_AudioAndAnnotations/Crueger_AufAufMeinHerzMitFreuden
chorale,AufAufMeinHerzMitFreuden,tracks_normalized/03_tb.wav,96,01_AudioAndAnnotations/Crueger_AufAufMeinHerzMitFreuden
chorale,AufAufMeinHerzMitFreuden,tracks_normalized/04_bar.wav,96,01_AudioAndAnnotations/Crueger_AufAufMeinHerzMitFreuden
chorale,AufAufMeinHerzMitFreuden,tracks_normalized/04_bcl.wav,96,01_AudioAndAnnotations/Crueger_AufAufMeinHerzMitFreuden
chorale,AufAufMeinHerzMitFreuden,tracks_normalized/04_bs.wav,96,01_AudioAndAnnotations/Crueger_AufAufMeinHerzMitFreuden
chorale,AufAufMeinHerzMitFreuden,tracks_normalized/04_tb.wav,96,01_AudioAndAnnotations/Crueger_AufAufMeinHerzMitFreuden
chorale,AufAufMeinHerzMitFreuden,tracks_normalized/04_tba.wav,96,01_AudioAndAnnotations/Crueger_AufAufMeinHerzMitFreuden
chorale,JesuGehVoran,tracks_normalized/01_as.wav,65,01_AudioAndAnnotations/Drese_JesuGehVoran
chorale,JesuGehVoran,tracks_normalized/01_cl.wav,65,01_AudioAndAnnotations/Drese_JesuGehVoran
chorale,JesuGehVoran,tracks_normalized/01_fh.wav,65,01_AudioAndAnnotations/Drese_JesuGehVoran
chorale,JesuGehVoran,tracks_normalized/01_fl.wav,65,01_AudioAndAnnotations/Drese_JesuGehVoran
chorale,JesuGehVoran,tracks_normalized/01_ob.wav,65,01_AudioAndAnnotations/Drese_JesuGehVoran
chorale,JesuGehVoran,tracks_normalized/01_tp.wav,65,01_AudioAndAnnotations/Drese_JesuGehVoran
chorale,JesuGehVoran,tracks_normalized/02_as.wav,65,01_AudioAndAnnotations/Drese_JesuGehVoran
chorale,JesuGehVoran,tracks_normalized/02_cl.wav,65,01_AudioAndAnnotations/Drese_JesuGehVoran
chorale,JesuGehVoran,tracks_normalized/02_eh.wav,65,01_AudioAndAnnotations/Drese_JesuGehVoran
chorale,JesuGehVoran,tracks_normalized/02_fh.wav,65,01_AudioAndAnnotations/Drese_JesuGehVoran
chorale,JesuGehVoran,tracks_normalized/02_tp.wav,65,01_AudioAndAnnotations/Drese_JesuGehVoran
chorale,JesuGehVoran,tracks_normalized/03_bar.wav,65,01_AudioAndAnnotations/Drese_JesuGehVoran
chorale,JesuGehVoran,tracks_normalized/03_bs.wav,65,01_AudioAndAnnotations/Drese_JesuGehVoran
chorale,JesuGehVoran,tracks_normalized/03_fho.wav,65,01_AudioAndAnnotations/Drese_JesuGehVoran
chorale,JesuGehVoran,tracks_normalized/04_bar.wav,65,01_AudioAndAnnotations/Drese_JesuGehVoran
chorale,JesuGehVoran,tracks_normalized/04_bcl.wav,65,01_AudioAndAnnotations/Drese_JesuGehVoran
chorale,JesuGehVoran,tracks_normalized/04_bs.wav,65,01_AudioAndAnnotations/Drese_JesuGehVoran
chorale,JesuGehVoran,tracks_normalized/04_tb.wav,65,01_AudioAndAnnotations/Drese_JesuGehVoran
chorale,JesuGehVoran,tracks_normalized/04_tba.wav,65,01_AudioAndAnnotations/Drese_JesuGehVoran
chorale,BefiehlDuDeineWege,tracks_normalized/01_as.wav,84,01_AudioAndAnnotations/Gesius_BefiehlDuDeineWege
chorale,BefiehlDuDeineWege,tracks_normalized/01_cl.wav,84,01_AudioAndAnnotations/Gesius_BefiehlDuDeineWege
chorale,BefiehlDuDeineWege,tracks_normalized/01_fh.wav,84,01_AudioAndAnnotations/Gesius_BefiehlDuDeineWege
chorale,BefiehlDuDeineWege,tracks_normalized/01_fl.wav,84,01_AudioAndAnnotations/Gesius_BefiehlDuDeineWege
chorale,BefiehlDuDeineWege,tracks_normalized/01_ob.wav,84,01_AudioAndAnnotations/Gesius_BefiehlDuDeineWege
chorale,BefiehlDuDeineWege,tracks_normalized/01_tp.wav,84,01_AudioAndAnnotations/Gesius_BefiehlDuDeineWege
chorale,BefiehlDuDeineWege,tracks_normalized/02_as.wav,84,01_AudioAndAnnotations/Gesius_BefiehlDuDeineWege
chorale,BefiehlDuDeineWege,tracks_normalized/02_cl.wav,84,01_AudioAndAnnotations/Gesius_BefiehlDuDeineWege
chorale,BefiehlDuDeineWege,tracks_normalized/02_eh.wav,84,01_AudioAndAnnotations/Gesius_BefiehlDuDeineWege
chorale,BefiehlDuDeineWege,tracks_normalized/02_fh.wav,84,01_AudioAndAnnotations/Gesius_BefiehlDuDeineWege
chorale,BefiehlDuDeineWege,tracks_normalized/02_fho.wav,84,01_AudioAndAnnotations/Gesius_BefiehlDuDeineWege
chorale,BefiehlDuDeineWege,tracks_normalized/02_tp.wav,84,01_AudioAndAnnotations/Gesius_BefiehlDuDeineWege
chorale,BefiehlDuDeineWege,tracks_normalized/03_bar.wav,84,01_AudioAndAnnotations/Gesius_BefiehlDuDeineWege
chorale,BefiehlDuDeineWege,tracks_normalized/03_bs.wav,84,01_AudioAndAnnotations/Gesius_BefiehlDuDeineWege
chorale,BefiehlDuDeineWege,tracks_normalized/03_fho.wav,84,01_AudioAndAnnotations/Gesius_BefiehlDuDeineWege
chorale,BefiehlDuDeineWege,tracks_normalized/03_tb.wav,84,01_AudioAndAnnotations/Gesius_BefiehlDuDeineWege
chorale,BefiehlDuDeineWege,tracks_normalized/04_bar.wav,84,01_AudioAndAnnotations/Gesius_BefiehlDuDeineWege
chorale,BefiehlDuDeineWege,tracks_normalized/04_bcl.wav,84,01_AudioAndAnnotations/Gesius_BefiehlDuDeineWege
chorale,BefiehlDuDeineWege,tracks_normalized/04_bs.wav,84,01_AudioAndAnnotations/Gesius_BefiehlDuDeineWege
chorale,BefiehlDuDeineWege,tracks_normalized/04_tb.wav,84,01_AudioAndAnnotations/Gesius_BefiehlDuDeineWege
chorale,BefiehlDuDeineWege,tracks_normalized/04_tba.wav,84,01_AudioAndAnnotations/Gesius_BefiehlDuDeineWege
chorale,DuFriedensfuerstHerrJesuChrist,tracks_normalized/01_as.wav,102,01_AudioAndAnnotations/Gesius_DuFriedensfuerstHerrJesuChrist
chorale,DuFriedensfuerstHerrJesuChrist,tracks_normalized/01_cl.wav,102,01_AudioAndAnnotations/Gesius_DuFriedensfuerstHerrJesuChrist
chorale,DuFriedensfuerstHerrJesuChrist,tracks_normalized/01_fh.wav,102,01_AudioAndAnnotations/Gesius_DuFriedensfuerstHerrJesuChrist
chorale,DuFriedensfuerstHerrJesuChrist,tracks_normalized/01_fl.wav,102,01_AudioAndAnnotations/Gesius_DuFriedensfuerstHerrJesuChrist
chorale,DuFriedensfuerstHerrJesuChrist,tracks_normalized/01_ob.wav,102,01_AudioAndAnnotations/Gesius_DuFriedensfuerstHerrJesuChrist
chorale,DuFriedensfuerstHerrJesuChrist,tracks_normalized/01_tp.wav,102,01_AudioAndAnnotations/Gesius_DuFriedensfuerstHerrJesuChrist
chorale,DuFriedensfuerstHerrJesuChrist,tracks_normalized/02_as.wav,102,01_AudioAndAnnotations/Gesius_DuFriedensfuerstHerrJesuChrist
chorale,DuFriedensfuerstHerrJesuChrist,tracks_normalized/02_bar.wav,102,01_AudioAndAnnotations/Gesius_DuFriedensfuerstHerrJesuChrist
chorale,DuFriedensfuerstHerrJesuChrist,tracks_normalized/02_cl.wav,102,01_AudioAndAnnotations/Gesius_DuFriedensfuerstHerrJesuChrist
chorale,DuFriedensfuerstHerrJesuChrist,tracks_normalized/02_eh.wav,102,01_AudioAndAnnotations/Gesius_DuFriedensfuerstHerrJesuChrist
chorale,DuFriedensfuerstHerrJesuChrist,tracks_normalized/02_fh.wav,102,01_AudioAndAnnotations/Gesius_DuFriedensfuerstHerrJesuChrist
chorale,DuFriedensfuerstHerrJesuChrist,tracks_normalized/02_fho.wav,102,01_AudioAndAnnotations/Gesius_DuFriedensfuerstHerrJesuChrist
chorale,DuFriedensfuerstHerrJesuChrist,tracks_normalized/02_tp.wav,102,01_AudioAndAnnotations/Gesius_DuFriedensfuerstHerrJesuChrist
chorale,DuFriedensfuerstHerrJesuChrist,tracks_normalized/03_bar.wav,102,01_AudioAndAnnotations/Gesius_DuFriedensfuerstHerrJesuChrist
chorale,DuFriedensfuerstHerrJesuChrist,tracks_normalized/03_bcl.wav,102,01_AudioAndAnnotations/Gesius_DuFriedensfuerstHerrJesuChrist
chorale,DuFriedensfuerstHerrJesuChrist,tracks_normalized/03_fho.wav,102,01_AudioAndAnnotations/Gesius_DuFriedensfuerstHerrJesuChrist
chorale,DuFriedensfuerstHerrJesuChrist,tracks_normalized/04_bar.wav,102,01_AudioAndAnnotations/Gesius_DuFriedensfuerstHerrJesuChrist
chorale,DuFriedensfuerstHerrJesuChrist,tracks_normalized/04_bcl.wav,102,01_AudioAndAnnotations/Gesius_DuFriedensfuerstHerrJesuChrist
chorale,DuFriedensfuerstHerrJesuChrist,tracks_normalized/04_bs.wav,102,01_AudioAndAnnotations/Gesius_DuFriedensfuerstHerrJesuChrist
chorale,DuFriedensfuerstHerrJesuChrist,tracks_normalized/04_tba.wav,102,01_AudioAndAnnotations/Gesius_DuFriedensfuerstHerrJesuChrist
chorale,DuGrosserSchmerzensmann,tracks_normalized/01_as.wav,116,01_AudioAndAnnotations/Jan_DuGrosserSchmerzensmann
chorale,DuGrosserSchmerzensmann,tracks_normalized/01_cl.wav,116,01_AudioAndAnnotations/Jan_DuGrosserSchmerzensmann
chorale,DuGrosserSchmerzensmann,tracks_normalized/01_fh.wav,116,01_AudioAndAnnotations/Jan_DuGrosserSchmerzensmann
chorale,DuGrosserSchmerzensmann,tracks_normalized/01_fl.wav,116,01_AudioAndAnnotations/Jan_DuGrosserSchmerzensmann
chorale,DuGrosserSchmerzensmann,tracks_normalized/01_ob.wav,116,01_AudioAndAnnotations/Jan_DuGrosserSchmerzensmann
chorale,DuGrosserSchmerzensmann,tracks_normalized/01_tp.wav,116,01_AudioAndAnnotations/Jan_DuGrosserSchmerzensmann
chorale,DuGrosserSchmerzensmann,tracks_normalized/02_as.wav,116,01_AudioAndAnnotations/Jan_DuGrosserSchmerzensmann
chorale,DuGrosserSchmerzensmann,tracks_normalized/02_cl.wav,116,01_AudioAndAnnotations/Jan_DuGrosserSchmerzensmann
chorale,DuGrosserSchmerzensmann,tracks_normalized/02_eh.wav,116,01_AudioAndAnnotations/Jan_DuGrosserSchmerzensmann
chorale,DuGrosserSchmerzensmann,tracks_normalized/02_fh.wav,116,01_AudioAndAnnotations/Jan_DuGrosserSchmerzensmann
chorale,DuGrosserSchmerzensmann,tracks_normalized/02_tp.wav,116,01_AudioAndAnnotations/Jan_DuGrosserSchmerzensmann
chorale,DuGrosserSchmerzensmann,tracks_normalized/03_bar.wav,116,01_AudioAndAnnotations/Jan_DuGrosserSchmerzensmann
chorale,DuGrosserSchmerzensmann,tracks_normalized/03_bs.wav,116,01_AudioAndAnnotations/Jan_DuGrosserSchmerzensmann
chorale,DuGrosserSchmerzensmann,tracks_normalized/04_bar.wav,116,01_AudioAndAnnotations/Jan_DuGrosserSchmerzensmann
chorale,DuGrosserSchmerzensmann,tracks_normalized/04_bcl.wav,116,01_AudioAndAnnotations/Jan_DuGrosserSchmerzensmann
chorale,DuGrosserSchmerzensmann,tracks_normalized/04_bs.wav,116,01_AudioAndAnnotations/Jan_DuGrosserSchmerzensmann
chorale,DuGrosserSchmerzensmann,tracks_normalized/04_tb.wav,116,01_AudioAndAnnotations/Jan_DuGrosserSchmerzensmann
chorale,DuGrosserSchmerzensmann,tracks_normalized/04_tba.wav,116,01_AudioAndAnnotations/Jan_DuGrosserSchmerzensmann
chorale,DerLiebenSonneLichtUndPracht,tracks_normalized/01_as.wav,65,01_AudioAndAnnotations/Telemann_DerLiebenSonneLichtUndPracht
chorale,DerLiebenSonneLichtUndPracht,tracks_normalized/01_cl.wav,65,01_AudioAndAnnotations/Telemann_DerLiebenSonneLichtUndPracht
chorale,DerLiebenSonneLichtUndPracht,tracks_normalized/01_fh.wav,65,01_AudioAndAnnotations/Telemann_DerLiebenSonneLichtUndPracht
chorale,DerLiebenSonneLichtUndPracht,tracks_normalized/01_fl.wav,65,01_AudioAndAnnotations/Telemann_DerLiebenSonneLichtUndPracht
chorale,DerLiebenSonneLichtUndPracht,tracks_normalized/01_ob.wav,65,01_AudioAndAnnotations/Telemann_DerLiebenSonneLichtUndPracht
chorale,DerLiebenSonneLichtUndPracht,tracks_normalized/01_tp.wav,65,01_AudioAndAnnotations/Telemann_DerLiebenSonneLichtUndPracht
chorale,DerLiebenSonneLichtUndPracht,tracks_normalized/02_as.wav,65,01_AudioAndAnnotations/Telemann_DerLiebenSonneLichtUndPracht
chorale,DerLiebenSonneLichtUndPracht,tracks_normalized/02_cl.wav,65,01_AudioAndAnnotations/Telemann_DerLiebenSonneLichtUndPracht
chorale,DerLiebenSonneLichtUndPracht,tracks_normalized/02_eh.wav,65,01_AudioAndAnnotations/Telemann_DerLiebenSonneLichtUndPracht
chorale,DerLiebenSonneLichtUndPracht,tracks_normalized/02_fh.wav,65,01_AudioAndAnnotations/Telemann_DerLiebenSonneLichtUndPracht
chorale,DerLiebenSonneLichtUndPracht,tracks_normalized/02_fho.wav,65,01_AudioAndAnnotations/Telemann_DerLiebenSonneLichtUndPracht
chorale,DerLiebenSonneLichtUndPracht,tracks_normalized/02_tp.wav,65,01_AudioAndAnnotations/Telemann_DerLiebenSonneLichtUndPracht
chorale,DerLiebenSonneLichtUndPracht,tracks_normalized/03_bar.wav,65,01_AudioAndAnnotations/Telemann_DerLiebenSonneLichtUndPracht
chorale,DerLiebenSonneLichtUndPracht,tracks_normalized/03_fho.wav,65,01_AudioAndAnnotations/Telemann_DerLiebenSonneLichtUndPracht
chorale,DerLiebenSonneLichtUndPracht,tracks_normalized/04_bar.wav,65,01_AudioAndAnnotations/Telemann_DerLiebenSonneLichtUndPracht
chorale,DerLiebenSonneLichtUndPracht,tracks_normalized/04_bcl.wav,65,01_AudioAndAnnotations/Telemann_DerLiebenSonneLichtUndPracht
chorale,DerLiebenSonneLichtUndPracht,tracks_normalized/04_bs.wav,65,01_AudioAndAnnotations/Telemann_DerLiebenSonneLichtUndPracht
chorale,DerLiebenSonneLichtUndPracht,tracks_normalized/04_tba.wav,65,01_AudioAndAnnotations/Telemann_DerLiebenSonneLichtUndPracht
chorale,ChristusDerIstMeinLeben,tracks_normalized/01_as.wav,72,01_AudioAndAnnotations/Vulpius_ChristusDerIstMeinLeben
chorale,ChristusDerIstMeinLeben,tracks_normalized/01_bar.wav,72,01_AudioAndAnnotations/Vulpius_ChristusDerIstMeinLeben
chorale,ChristusDerIstMeinLeben,tracks_normalized/01_cl.wav,72,01_AudioAndAnnotations/Vulpius_ChristusDerIstMeinLeben
chorale,ChristusDerIstMeinLeben,tracks_normalized/01_fh.wav,72,01_AudioAndAnnotations/Vulpius_ChristusDerIstMeinLeben
chorale,ChristusDerIstMeinLeben,tracks_normalized/01_fl.wav,72,01_AudioAndAnnotations/Vulpius_ChristusDerIstMeinLeben
chorale,ChristusDerIstMeinLeben,tracks_normalized/01_ob.wav,72,01_AudioAndAnnotations/Vulpius_ChristusDerIstMeinLeben
chorale,ChristusDerIstMeinLeben,tracks_normalized/01_tp.wav,72,01_AudioAndAnnotations/Vulpius_ChristusDerIstMeinLeben
chorale,ChristusDerIstMeinLeben,tracks_normalized/02_as.wav,72,01_AudioAndAnnotations/Vulpius_ChristusDerIstMeinLeben
chorale,ChristusDerIstMeinLeben,tracks_normalized/02_bar.wav,72,01_AudioAndAnnotations/Vulpius_ChristusDerIstMeinLeben
chorale,ChristusDerIstMeinLeben,tracks_normalized/02_cl.wav,72,01_AudioAndAnnotations/Vulpius_ChristusDerIstMeinLeben
chorale,ChristusDerIstMeinLeben,tracks_normalized/02_eh.wav,72,01_AudioAndAnnotations/Vulpius_ChristusDerIstMeinLeben
chorale,ChristusDerIstMeinLeben,tracks_normalized/02_fh.wav,72,01_AudioAndAnnotations/Vulpius_ChristusDerIstMeinLeben
chorale,ChristusDerIstMeinLeben,tracks_normalized/02_tp.wav,72,01_AudioAndAnnotations/Vulpius_ChristusDerIstMeinLeben
chorale,ChristusDerIstMeinLeben,tracks_normalized/03_bar.wav,72,01_AudioAndAnnotations/Vulpius_ChristusDerIstMeinLeben
chorale,ChristusDerIstMeinLeben,tracks_normalized/03_bs.wav,72,01_AudioAndAnnotations/Vulpius_ChristusDerIstMeinLeben
chorale,ChristusDerIstMeinLeben,tracks_normalized/04_bar.wav,72,01_AudioAndAnnotations/Vulpius_ChristusDerIstMeinLeben
chorale,ChristusDerIstMeinLeben,tracks_normalized/04_bcl.wav,72,01_AudioAndAnnotations/Vulpius_ChristusDerIstMeinLeben
chorale,ChristusDerIstMeinLeben,tracks_normalized/04_bs.wav,72,01_AudioAndAnnotations/Vulpius_ChristusDerIstMeinLeben
chorale,ChristusDerIstMeinLeben,tracks_normalized/04_tb.wav,72,01_AudioAndAnnotations/Vulpius_ChristusDerIstMeinLeben
chorale,ChristusDerIstMeinLeben,tracks_normalized/04_tba.wav,72,01_AudioAndAnnotations/Vulpius_ChristusDerIstMeinLeben
chorale,DieHelleSonnLeuchtJetztHerfuer,tracks_normalized/01_as.wav,186,01_AudioAndAnnotations/Vulpius_DieHelleSonnLeuchtJetztHerfuer
chorale,DieHelleSonnLeuchtJetztHerfuer,tracks_normalized/01_cl.wav,186,01_AudioAndAnnotations/Vulpius_DieHelleSonnLeuchtJetztHerfuer
chorale,DieHelleSonnLeuchtJetztHerfuer,tracks_normalized/01_fh.wav,186,01_AudioAndAnnotations/Vulpius_DieHelleSonnLeuchtJetztHerfuer
chorale,DieHelleSonnLeuchtJetztHerfuer,tracks_normalized/01_fl.wav,186,01_AudioAndAnnotations/Vulpius_DieHelleSonnLeuchtJetztHerfuer
chorale,DieHelleSonnLeuchtJetztHerfuer,tracks_normalized/01_ob.wav,186,01_AudioAndAnnotations/Vulpius_DieHelleSonnLeuchtJetztHerfuer
chorale,DieHelleSonnLeuchtJetztHerfuer,tracks_normalized/01_tp.wav,186,01_AudioAndAnnotations/Vulpius_DieHelleSonnLeuchtJetztHerfuer
chorale,DieHelleSonnLeuchtJetztHerfuer,tracks_normalized/02_as.wav,186,01_AudioAndAnnotations/Vulpius_DieHelleSonnLeuchtJetztHerfuer
chorale,DieHelleSonnLeuchtJetztHerfuer,tracks_normalized/02_cl.wav,186,01_AudioAndAnnotations/Vulpius_DieHelleSonnLeuchtJetztHerfuer
chorale,DieHelleSonnLeuchtJetztHerfuer,tracks_normalized/02_eh.wav,186,01_AudioAndAnnotations/Vulpius_DieHelleSonnLeuchtJetztHerfuer
chorale,DieHelleSonnLeuchtJetztHerfuer,tracks_normalized/02_fh.wav,186,01_AudioAndAnnotations/Vulpius_DieHelleSonnLeuchtJetztHerfuer
chorale,DieHelleSonnLeuchtJetztHerfuer,tracks_normalized/02_tp.wav,186,01_AudioAndAnnotations/Vulpius_DieHelleSonnLeuchtJetztHerfuer
chorale,DieHelleSonnLeuchtJetztHerfuer,tracks_normalized/03_bar.wav,186,01_AudioAndAnnotations/Vulpius_DieHelleSonnLeuchtJetztHerfuer
chorale,DieHelleSonnLeuchtJetztHerfuer,tracks_normalized/03_bs.wav,186,01_AudioAndAnnotations/Vulpius_DieHelleSonnLeuchtJetztHerfuer
chorale,DieHelleSonnLeuchtJetztHerfuer,tracks_normalized/04_bar.wav,186,01_AudioAndAnnotations/Vulpius_DieHelleSonnLeuchtJetztHerfuer
chorale,DieHelleSonnLeuchtJetztHerfuer,tracks_normalized/04_bcl.wav,186,01_AudioAndAnnotations/Vulpius_DieHelleSonnLeuchtJetztHerfuer
chorale,DieHelleSonnLeuchtJetztHerfuer,tracks_normalized/04_bs.wav,186,01_AudioAndAnnotations/Vulpius_DieHelleSonnLeuchtJetztHerfuer
chorale,DieHelleSonnLeuchtJetztHerfuer,tracks_normalized/04_tba.wav,186,01_AudioAndAnnotations/Vulpius_DieHelleSonnLeuchtJetztHerfuer
