dataset,title,audio_performance_file,estimated_bpm
winterreise,D911-01,01_RawData/audio_wav/Schubert_D911-01_HU33.wav,53
winterreise,D911-01,01_RawData/audio_wav/Schubert_D911-01_SC06.wav,50
winterreise,D911-02,01_RawData/audio_wav/Schubert_D911-02_HU33.wav,181
winterreise,D911-02,01_RawData/audio_wav/Schubert_D911-02_SC06.wav,191
winterreise,D911-03,01_RawData/audio_wav/Schubert_D911-03_HU33.wav,44
winterreise,D911-03,01_RawData/audio_wav/Schubert_D911-03_SC06.wav,48
winterreise,D911-04,01_RawData/audio_wav/Schubert_D911-04_HU33.wav,146
winterreise,D911-04,01_RawData/audio_wav/Schubert_D911-04_SC06.wav,164
winterreise,D911-05,01_RawData/audio_wav/Schubert_D911-05_HU33.wav,54
winterreise,D911-05,01_RawData/audio_wav/Schubert_D911-05_SC06.wav,51
winterreise,D911-06,01_RawData/audio_wav/Schubert_D911-06_HU33.wav,42
winterreise,D911-06,01_RawData/audio_wav/Schubert_D911-06_SC06.wav,45
winterreise,D911-07,01_RawData/audio_wav/Schubert_D911-07_HU33.wav,47
winterreise,D911-07,01_RawData/audio_wav/Schubert_D911-07_SC06.wav,47
winterreise,D911-08,01_RawData/audio_wav/Schubert_D911-08_HU33.wav,101
winterreise,D911-08,01_RawData/audio_wav/Schubert_D911-08_SC06.wav,109
winterreise,D911-09,01_RawData/audio_wav/Schubert_D911-09_HU33.wav,58
winterreise,D911-09,01_RawData/audio_wav/Schubert_D911-09_SC06.wav,53
winterreise,D911-10,01_RawData/audio_wav/Schubert_D911-10_HU33.wav,41
winterreise,D911-10,01_RawData/audio_wav/Schubert_D911-10_SC06.wav,44
winterreise,D911-11,01_RawData/audio_wav/Schubert_D911-11_HU33.wav,92
winterreise,D911-11,01_RawData/audio_wav/Schubert_D911-11_SC06.wav,98
winterreise,D911-12,01_RawData/audio_wav/Schubert_D911-12_HU33.wav,36
winterreise,D911-12,01_RawData/audio_wav/Schubert_D911-12_SC06.wav,39
winterreise,D911-13,01_RawData/audio_wav/Schubert_D911-13_HU33.wav,320
winterreise,D911-13,01_RawData/audio_wav/Schubert_D911-13_SC06.wav,288
winterreise,D911-14,01_RawData/audio_wav/Schubert_D911-14_HU33.wav,43
winterreise,D911-14,01_RawData/audio_wav/Schubert_D911-14_SC06.wav,53
winterreise,D911-15,01_RawData/audio_wav/Schubert_D911-15_HU33.wav,42
winterreise,D911-15,01_RawData/audio_wav/Schubert_D911-15_SC06.wav,44
winterreise,D911-16,01_RawData/audio_wav/Schubert_D911-16_HU33.wav,61
winterreise,D911-16,01_RawData/audio_wav/Schubert_D911-16_SC06.wav,75
winterreise,D911-17,01_RawData/audio_wav/Schubert_D911-17_HU33.wav,178
winterreise,D911-17,01_RawData/audio_wav/Schubert_D911-17_SC06.wav,185
winterreise,D911-18,01_RawData/audio_wav/Schubert_D911-18_HU33.wav,94
winterreise,D911-18,01_RawData/audio_wav/Schubert_D911-18_SC06.wav,102
winterreise,D911-19,01_RawData/audio_wav/Schubert_D911-19_HU33.wav,219
winterreise,D911-19,01_RawData/audio_wav/Schubert_D911-19_SC06.wav,211
winterreise,D911-20,01_RawData/audio_wav/Schubert_D911-20_HU33.wav,41
winterreise,D911-20,01_RawData/audio_wav/Schubert_D911-20_SC06.wav,43
winterreise,D911-21,01_RawData/audio_wav/Schubert_D911-21_HU33.wav,34
winterreise,D911-21,01_RawData/audio_wav/Schubert_D911-21_SC06.wav,31
winterreise,D911-22,01_RawData/audio_wav/Schubert_D911-22_HU33.wav,96
winterreise,D911-22,01_RawData/audio_wav/Schubert_D911-22_SC06.wav,103
winterreise,D911-23,01_RawData/audio_wav/Schubert_D911-23_HU33.wav,30
winterreise,D911-23,01_RawData/audio_wav/Schubert_D911-23_SC06.wav,32
winterreise,D911-24,01_RawData/audio_wav/Schubert_D911-24_HU33.wav,58
winterreise,D911-24,01_RawData/audio_wav/Schubert_D911-24_SC06.wav,53
