index,folder,trim_applied,trim_offset_sec,original_first_gt_sec,trimmed_first_gt_sec,original_audio,trimmed_audio
1,01_Jupiter_vn_vc,True,4.278,4.778,0.5,AuMix_01_Jupiter_vn_vc.wav,AuMix_01_Jupiter_vn_vc_trim.wav
2,02_Sonata_vn_vn,True,3.7380000000000004,4.238,0.5,AuMix_02_Sonata_vn_vn.wav,AuMix_02_Sonata_vn_vn_trim.wav
3,03_Dance_fl_cl,True,2.397,2.897,0.5,AuMix_03_Dance_fl_cl.wav,AuMix_03_Dance_fl_cl_trim.wav
4,04_Allegro_fl_fl,True,2.983,3.483,0.5,AuMix_04_Allegro_fl_fl.wav,AuMix_04_Allegro_fl_fl_trim.wav
5,05_Entertainer_tpt_tpt,True,1.874,2.374,0.5,AuMix_05_Entertainer_tpt_tpt.wav,AuMix_05_Entertainer_tpt_tpt_trim.wav
6,06_Entertainer_sax_sax,True,2.5,3.0,0.5,AuMix_06_Entertainer_sax_sax.wav,AuMix_06_Entertainer_sax_sax_trim.wav
7,07_GString_tpt_tbn,True,7.093,7.593,0.5,AuMix_07_GString_tpt_tbn.wav,AuMix_07_GString_tpt_tbn_trim.wav
8,08_Spring_fl_vn,True,1.247,1.747,0.5,AuMix_08_Spring_fl_vn.wav,AuMix_08_Spring_fl_vn_trim.wav
9,09_Jesus_tpt_vn,True,4.649,5.149,0.5,AuMix_09_Jesus_tpt_vn.wav,AuMix_09_Jesus_tpt_vn_trim.wav
10,10_March_tpt_sax,False,0.0,0.592,0.592,AuMix_10_March_tpt_sax.wav,AuMix_10_March_tpt_sax.wav
11,11_Maria_ob_vc,True,7.441,7.941,0.5,AuMix_11_Maria_ob_vc.wav,AuMix_11_Maria_ob_vc_trim.wav
12,12_Spring_vn_vn_vc,True,1.031,1.531,0.5,AuMix_12_Spring_vn_vn_vc.wav,AuMix_12_Spring_vn_vn_vc_trim.wav
13,13_Hark_vn_vn_va,True,2.298,2.798,0.5,AuMix_13_Hark_vn_vn_va.wav,AuMix_13_Hark_vn_vn_va_trim.wav
14,14_Waltz_fl_fl_cl,False,0.0,1.363,1.363,AuMix_14_Waltz_fl_fl_cl.wav,AuMix_14_Waltz_fl_fl_cl.wav
15,15_Surprise_tpt_tpt_tbn,True,3.7670000000000003,4.267,0.5,AuMix_15_Surprise_tpt_tpt_tbn.wav,AuMix_15_Surprise_tpt_tpt_tbn_trim.wav
16,16_Surprise_tpt_tpt_sax,True,3.7779999999999996,4.278,0.5,AuMix_16_Surprise_tpt_tpt_sax.wav,AuMix_16_Surprise_tpt_tpt_sax_trim.wav
17,17_Nocturne_vn_fl_cl,True,1.642,2.142,0.5,AuMix_17_Nocturne_vn_fl_cl.wav,AuMix_17_Nocturne_vn_fl_cl_trim.wav
18,18_Nocturne_vn_fl_tpt,True,1.625,2.125,0.5,AuMix_18_Nocturne_vn_fl_tpt.wav,AuMix_18_Nocturne_vn_fl_tpt_trim.wav
19,19_Pavane_cl_vn_vc,True,2.426,2.926,0.5,AuMix_19_Pavane_cl_vn_vc.wav,AuMix_19_Pavane_cl_vn_vc_trim.wav
20,20_Pavane_tpt_vn_vc,True,2.426,2.926,0.5,AuMix_20_Pavane_tpt_vn_vc.wav,AuMix_20_Pavane_tpt_vn_vc_trim.wav
21,21_Rejouissance_cl_tbn_tba,True,1.6709999999999998,2.171,0.5,AuMix_21_Rejouissance_cl_tbn_tba.wav,AuMix_21_Rejouissance_cl_tbn_tba_trim.wav
22,22_Rejouissance_sax_tbn_tba,True,1.63,2.13,0.5,AuMix_22_Rejouissance_sax_tbn_tba.wav,AuMix_22_Rejouissance_sax_tbn_tba_trim.wav
23,23_Rejouissance_cl_sax_tba,True,1.6709999999999998,2.171,0.5,AuMix_23_Rejouissance_cl_sax_tba.wav,AuMix_23_Rejouissance_cl_sax_tba_trim.wav
24,24_Pirates_vn_vn_va_vc,False,0.0,0.935,0.935,AuMix_24_Pirates_vn_vn_va_vc.wav,AuMix_24_Pirates_vn_vn_va_vc.wav
25,25_Pirates_vn_vn_va_sax,False,0.0,0.935,0.935,AuMix_25_Pirates_vn_vn_va_sax.wav,AuMix_25_Pirates_vn_vn_va_sax.wav
26,26_King_vn_vn_va_vc,False,0.0,1.207,1.207,AuMix_26_King_vn_vn_va_vc.wav,AuMix_26_King_vn_vn_va_vc.wav
27,27_King_vn_vn_va_sax,False,0.0,1.207,1.207,AuMix_27_King_vn_vn_va_sax.wav,AuMix_27_King_vn_vn_va_sax.wav
28,28_Fugue_fl_ob_cl_bn,True,5.003,5.503,0.5,AuMix_28_Fugue_fl_ob_cl_bn.wav,AuMix_28_Fugue_fl_ob_cl_bn_trim.wav
29,29_Fugue_fl_fl_ob_cl,True,1.9100000000000001,2.41,0.5,AuMix_29_Fugue_fl_fl_ob_cl.wav,AuMix_29_Fugue_fl_fl_ob_cl_trim.wav
30,30_Fugue_fl_fl_ob_sax,True,1.9100000000000001,2.41,0.5,AuMix_30_Fugue_fl_fl_ob_sax.wav,AuMix_30_Fugue_fl_fl_ob_sax_trim.wav
31,31_Slavonic_tpt_tpt_hn_tbn,True,2.118,2.618,0.5,AuMix_31_Slavonic_tpt_tpt_hn_tbn.wav,AuMix_31_Slavonic_tpt_tpt_hn_tbn_trim.wav
32,32_Fugue_vn_vn_va_vc,True,4.179,4.679,0.5,AuMix_32_Fugue_vn_vn_va_vc.wav,AuMix_32_Fugue_vn_vn_va_vc_trim.wav
33,33_Elise_tpt_tpt_hn_tbn,True,1.903,2.403,0.5,AuMix_33_Elise_tpt_tpt_hn_tbn.wav,AuMix_33_Elise_tpt_tpt_hn_tbn_trim.wav
34,34_Fugue_tpt_tpt_hn_tbn,True,3.9930000000000003,4.493,0.5,AuMix_34_Fugue_tpt_tpt_hn_tbn.wav,AuMix_34_Fugue_tpt_tpt_hn_tbn_trim.wav
35,35_Rondeau_vn_vn_va_db,True,4.04,4.54,0.5,AuMix_35_Rondeau_vn_vn_va_db.wav,AuMix_35_Rondeau_vn_vn_va_db_trim.wav
36,36_Rondeau_vn_vn_va_vc,True,4.028,4.528,0.5,AuMix_36_Rondeau_vn_vn_va_vc.wav,AuMix_36_Rondeau_vn_vn_va_vc_trim.wav
37,37_Rondeau_fl_vn_va_cl,True,4.034,4.534,0.5,AuMix_37_Rondeau_fl_vn_va_cl.wav,AuMix_37_Rondeau_fl_vn_va_cl_trim.wav
38,38_Jerusalem_vn_vn_va_vc_db,True,4.521,5.021,0.5,AuMix_38_Jerusalem_vn_vn_va_vc_db.wav,AuMix_38_Jerusalem_vn_vn_va_vc_db_trim.wav
39,39_Jerusalem_vn_vn_va_sax_db,True,4.521,5.021,0.5,AuMix_39_Jerusalem_vn_vn_va_sax_db.wav,AuMix_39_Jerusalem_vn_vn_va_sax_db_trim.wav
40,40_Miserere_fl_fl_ob_cl_bn,True,1.799,2.299,0.5,AuMix_40_Miserere_fl_fl_ob_cl_bn.wav,AuMix_40_Miserere_fl_fl_ob_cl_bn_trim.wav
41,41_Miserere_fl_fl_ob_sax_bn,True,1.799,2.299,0.5,AuMix_41_Miserere_fl_fl_ob_sax_bn.wav,AuMix_41_Miserere_fl_fl_ob_sax_bn_trim.wav
42,42_Arioso_tpt_tpt_hn_tbn_tba,True,6.449,6.949,0.5,AuMix_42_Arioso_tpt_tpt_hn_tbn_tba.wav,AuMix_42_Arioso_tpt_tpt_hn_tbn_tba_trim.wav
43,43_Chorale_tpt_tpt_hn_tbn_tba,True,2.99,3.49,0.5,AuMix_43_Chorale_tpt_tpt_hn_tbn_tba.wav,AuMix_43_Chorale_tpt_tpt_hn_tbn_tba_trim.wav
44,44_K515_vn_vn_va_va_vc,True,4.45,4.95,0.5,AuMix_44_K515_vn_vn_va_va_vc.wav,AuMix_44_K515_vn_vn_va_va_vc_trim.wav
